"x","y","group"
438.3,561.5,"case"
428.4,565.1,"case"
437.4,543.2,"case"
424.8,562.4,"case"
422.8,569.3,"case"
426.1,558.5,"case"
431,580.9,"case"
415.7,535.3,"case"
427.4,566.4,"case"
427,564.6,"case"
432.4,552.5,"case"
387.8,567.9,"case"
427.7,563.8,"case"
440.1,555,"case"
431.5,563.1,"case"
430.8,556.8,"case"
413.4,563.6,"case"
435.3,568.3,"case"
410.3,551.8,"case"
427.1,567.2,"case"
420.1,528.7,"case"
439.5,546.9,"case"
430.5,564.2,"case"
436.7,559.3,"case"
419.5,552.7,"case"
426.2,573.6,"case"
436.2,554.4,"case"
420.3,561.8,"case"
441.9,541.9,"case"
421.9,587.5,"case"
425.7,560.3,"case"
423.3,564.8,"case"
423.3,543,"case"
424.8,562.9,"case"
409.5,552.8,"case"
437.3,553.6,"case"
437.5,564.3,"case"
427.7,571.8,"case"
430.7,544.1,"case"
443.7,540.3,"case"
412.8,551.7,"case"
406.9,614.5,"case"
425.3,576.8,"case"
432.6,563,"case"
418.5,612.9,"case"
426.4,575.6,"case"
370,563.8,"case"
430.6,513.4,"case"
425.7,565.3,"case"
435.1,546.7,"case"
415.1,564.5,"case"
408.6,549.2,"case"
425.6,564.9,"case"
427.2,567.9,"case"
433.9,569.7,"case"
438.1,565.2,"case"
426.4,587.4,"case"
424.4,540.3,"case"
418.5,542.2,"case"
424.8,565,"case"
427.2,565,"case"
422.7,561.1,"case"
415.3,564.2,"case"
434.1,571.4,"case"
430.3,568,"case"
427.1,550.4,"case"
436.2,567.6,"case"
445.7,539.5,"case"
422.9,567.7,"case"
416.2,524.2,"case"
398.6,651.4,"case"
423.6,560.7,"case"
428.6,570.2,"case"
427.1,567.2,"case"
428.9,529.5,"case"
426.6,558.7,"case"
435.3,556.8,"case"
427.2,544.8,"case"
428.6,565.9,"case"
431.6,570.9,"case"
426.7,568.1,"case"
424.3,568.1,"case"
419.2,566.5,"case"
425.6,562.2,"case"
414.6,571.7,"case"
425.8,561,"case"
431.9,556.1,"case"
421.4,564.3,"case"
431.8,567.4,"case"
423.7,567.8,"case"
442.5,549.7,"case"
428.8,563.6,"case"
429.4,549.3,"case"
421.6,551,"case"
419,585,"case"
399.2,564.5,"case"
420.2,559.7,"case"
429.4,567,"case"
428.7,586.7,"case"
422.7,527.8,"case"
436.1,539.6,"case"
421.2,566.8,"case"
427.7,568.9,"case"
426.1,567.2,"case"
433.7,576.6,"case"
398.3,558.6,"case"
431,574.9,"case"
428.7,532.4,"case"
426,561.7,"case"
386,577,"case"
427.3,514.9,"case"
423.6,539.2,"case"
421.8,566.7,"case"
442.5,543.5,"case"
435.2,569.1,"case"
420.5,567.5,"case"
434.5,568.6,"case"
421.3,550.9,"case"
426.9,564.8,"case"
427.5,576.7,"case"
419.5,565.9,"case"
433.7,549.9,"case"
431.2,563.1,"case"
422.9,569.6,"case"
425.8,566.3,"case"
419.3,565.5,"case"
436.2,571.3,"case"
416,533.4,"case"
429.3,564,"case"
427.5,570.1,"case"
428.7,560,"case"
425.3,568,"case"
399.1,654.2,"case"
426.2,561.7,"case"
420,528,"case"
429.7,566.7,"case"
409.3,551.6,"case"
427.3,587.1,"case"
430.8,555.5,"case"
426.6,552,"case"
438.2,556.1,"case"
412,524.2,"case"
415.3,525.2,"case"
428.9,558.3,"case"
425.1,554.2,"case"
416,558.5,"case"
423.3,563.4,"case"
430,566.3,"case"
435.6,563.8,"case"
420.5,529,"case"
417.5,556.8,"case"
422.6,567.5,"case"
409.1,550.1,"case"
435.2,554.9,"case"
435.9,572.2,"case"
420.8,564.3,"case"
426,586.2,"case"
436.2,570.8,"case"
427.9,524.7,"case"
426.1,574.3,"case"
431,581.1,"case"
437.9,553.2,"case"
428.9,575.8,"case"
429.1,567.2,"case"
418.7,548.1,"case"
421.4,567.9,"case"
430.8,580.7,"case"
434.7,574,"case"
429.8,568,"case"
443.8,543.7,"case"
413.5,563.7,"case"
436.6,553.8,"case"
434.4,550.2,"case"
429.6,514.1,"case"
426.7,564.8,"case"
428.9,561.7,"case"
422.5,562.2,"case"
436.9,569.4,"case"
419.1,612.3,"case"
440.9,549.2,"case"
433.4,549.9,"case"
427.1,564.6,"case"
426.1,562.1,"case"
420.1,565,"case"
421.2,564.8,"case"
435.8,571.1,"case"
431.8,535.6,"case"
426,565.4,"case"
428.9,586.7,"case"
427.6,570,"case"
424.7,568.6,"case"
427.1,555.9,"case"
436.1,566.4,"case"
421.2,566.4,"case"
439.9,554.3,"case"
429.3,514.5,"case"
419.1,567.5,"case"
424.8,562.1,"case"
436.1,569.1,"case"
419.5,552.2,"case"
431.5,533.9,"case"
422.9,542.7,"case"
416.7,572.7,"case"
429,532.2,"case"
429.3,517.6,"case"
416.6,559.3,"case"
436.3,570.3,"case"
426,564.4,"case"
430.4,568.1,"case"
434.6,572,"case"
414.5,564,"case"
434.5,573.2,"case"
421.7,567.4,"case"
433.2,562.3,"case"
431.5,581.4,"case"
420,567.4,"case"
424.5,570.1,"case"
422.1,564.4,"case"
425.2,533.6,"case"
423.1,543.4,"case"
417.9,526.2,"case"
427.6,568.5,"case"
407.3,537,"case"
429.1,529.6,"case"
417.7,562.3,"case"
416.8,551.9,"case"
424.7,561.6,"case"
433.5,549.8,"case"
430.6,544,"case"
427.6,554.5,"case"
419.7,552.6,"case"
431,574.7,"case"
426.8,573.9,"case"
415.4,566.1,"case"
428.8,561,"case"
425.1,565.7,"case"
429.9,562.4,"case"
428.5,563.5,"case"
438.5,556.5,"case"
430.1,516.6,"case"
434.2,562.5,"case"
408.4,549.2,"case"
428.1,564.8,"case"
427.1,571.3,"case"
425.2,562.4,"case"
427.5,558.9,"case"
419.4,552.5,"case"
416.2,554.2,"case"
438.6,566.1,"case"
427.1,558.6,"case"
430.7,516.6,"case"
415.8,535.4,"case"
426.9,568.1,"case"
424.4,552.8,"case"
418.7,600,"case"
420.2,561.9,"case"
419.3,612.7,"case"
434.9,568.9,"case"
431,554.4,"case"
432.2,567.6,"case"
422.4,526.4,"case"
420.8,560.9,"case"
422.2,534.2,"case"
438.3,547.3,"case"
387.5,567.7,"case"
418.4,562.5,"case"
420.5,567.4,"case"
431.4,566.5,"case"
428,561.6,"case"
391.9,571.4,"case"
410.5,525.7,"case"
423.1,527.8,"case"
431.5,570.7,"case"
425.1,566.9,"case"
423,553,"case"
434.2,571.9,"case"
436.2,567.6,"case"
426.6,561.3,"case"
436.7,553.9,"case"
421,529,"case"
429,565.5,"case"
418.6,562.8,"case"
436.4,569.3,"case"
429.7,549.2,"case"
415.2,525.2,"case"
426.4,587.7,"case"
436.8,567,"case"
428.1,524.5,"case"
419.3,552.4,"case"
420.6,562.2,"case"
428.4,558.2,"case"
419.6,534.9,"case"
427,556.7,"case"
423.3,568.5,"case"
437.7,552.5,"case"
424.7,532.8,"case"
427.9,559.2,"case"
433.9,569.8,"case"
426.5,567.5,"case"
427.4,564.6,"case"
434.3,563.1,"case"
419.9,535.2,"case"
424.7,581.9,"case"
439.5,558.1,"case"
392.8,563.4,"case"
418.5,567,"case"
434.2,516.9,"case"
436.4,568.9,"case"
430.9,581.9,"case"
427.8,541.7,"case"
440.1,556.1,"case"
417.4,572.4,"case"
433.3,563.1,"case"
415.8,564.1,"case"
411.1,550.6,"case"
424.6,561.4,"case"
436.6,545.6,"case"
423.4,564,"case"
431.6,556.5,"case"
413.9,516.7,"case"
434.3,571.9,"case"
416.5,535.6,"case"
427.5,550.7,"case"
419.3,585.3,"case"
437,554,"case"
419.2,566.8,"case"
426.4,569,"case"
428.2,571.1,"case"
433.2,563.6,"case"
425.2,563.1,"case"
428.9,560.1,"case"
384,555.9,"case"
424.1,539.1,"case"
434.1,571.6,"case"
423.9,570.4,"case"
426,564.4,"case"
441.8,549.6,"case"
435.8,559.4,"case"
425.4,585.2,"case"
426,561.7,"case"
438.6,563.6,"case"
404.8,564.1,"case"
417.8,567,"case"
426.7,567.3,"case"
427.3,568.5,"case"
427,559.4,"case"
431.1,554.5,"case"
429,581.8,"case"
435.9,571.8,"case"
422.8,553.5,"case"
422.8,569.3,"case"
429.5,571.9,"case"
428.6,560.2,"case"
425.9,554.7,"case"
428.4,574.3,"case"
428.3,564.7,"case"
433.6,562,"case"
415.7,558.4,"case"
426.6,544.4,"case"
423.5,531,"case"
421.2,544.8,"case"
415.3,630.2,"case"
431.2,554.7,"case"
417.9,562.9,"case"
421.9,567.1,"case"
415.9,564,"case"
439.3,540.1,"case"
421.8,565,"case"
431.7,567.5,"case"
430.2,531.8,"case"
412.1,577.1,"case"
443.8,543.1,"case"
419.4,565.6,"case"
430.8,557.3,"case"
436.1,556.2,"case"
422.1,569.3,"case"
441.6,543.6,"case"
426.4,573.8,"case"
420,560.5,"case"
411.6,549.5,"case"
426.5,604.5,"case"
429,562.1,"case"
438.1,566.1,"case"
433.9,569.8,"case"
424.2,562.6,"case"
427.4,558.7,"case"
419.4,567.3,"case"
427.7,544.9,"case"
427.3,552.9,"case"
423.8,572.7,"case"
428.1,565.2,"case"
428.6,569.6,"case"
412.7,551.3,"case"
424.5,569.3,"case"
425.5,565,"case"
428.8,562.3,"case"
440.1,552.9,"case"
440.2,552.9,"case"
426.6,558.3,"case"
420.4,601.1,"case"
433.3,562.6,"case"
426.1,558.4,"case"
429.5,571.8,"case"
430.8,568.2,"case"
430.6,561.6,"case"
416.3,552.4,"case"
430,574,"case"
423.5,568.7,"case"
428.3,561.4,"case"
432.6,567.1,"case"
428.3,586.9,"case"
426.8,566.7,"case"
425.6,585,"case"
388.8,593,"case"
430.9,564,"case"
426.6,575.2,"case"
431.8,580.4,"case"
426,568.8,"case"
419.8,565.2,"case"
420.5,564.1,"case"
437.1,555.5,"case"
417.7,526.3,"case"
426.1,585.8,"case"
412.1,558.4,"case"
433.5,567.7,"case"
423.3,564.6,"case"
430.2,543.7,"case"
405.2,517.1,"case"
414.5,564.1,"case"
436.8,569.4,"case"
425.6,565,"case"
429.2,561.2,"case"
435.8,571.6,"case"
410.4,587.8,"case"
436,571,"case"
433.7,545.7,"case"
425.7,565.3,"case"
419.4,567.3,"case"
426.7,568.1,"case"
420.3,527.8,"case"
428.9,574.2,"case"
419.4,566.3,"case"
427.5,550.5,"case"
428,554.5,"case"
425.9,534.2,"case"
431.2,571.2,"case"
438.2,556.4,"case"
429.3,532.5,"case"
426.2,561,"case"
427.3,551.1,"case"
417.2,557,"case"
426.3,561.6,"case"
437.3,566.5,"case"
434.8,538.5,"case"
426.5,566.3,"case"
420.3,560.9,"case"
399,628,"case"
424.3,567.9,"case"
426.5,604.5,"case"
426,568.8,"case"
426.3,558.6,"case"
424.9,605.8,"case"
433.6,571.7,"case"
427.6,541.8,"case"
427.6,525.2,"case"
435.5,568,"case"
427.4,565.7,"case"
419.3,565.8,"case"
429.3,549.2,"case"
429.8,570.1,"case"
428.1,514.7,"case"
419.6,566.5,"case"
426.2,560.9,"case"
418.8,586.7,"case"
430.7,581.9,"case"
433.4,537,"case"
421.8,566,"case"
439.4,564.8,"case"
427.9,570.3,"case"
431.7,567.2,"case"
427.3,565.7,"case"
420.4,560.9,"case"
425.3,584,"case"
426.7,560.8,"case"
437.8,558.6,"case"
392.1,571.5,"case"
426.2,568.5,"case"
427.3,566.5,"case"
434.7,561.3,"case"
415.1,566.2,"case"
408.7,562.6,"case"
427.4,524.9,"case"
423,568.6,"case"
424.9,568.4,"case"
418.2,562.9,"case"
431,568.4,"case"
427.5,566.7,"case"
420.3,567.8,"case"
431,580,"case"
427.4,554,"case"
429,561.8,"case"
411.7,564.8,"case"
436.1,539.8,"case"
427.3,566.1,"case"
418.3,567.1,"case"
427.9,570.7,"case"
427.8,554.1,"case"
427.9,569.9,"case"
435.8,563.4,"case"
424.7,582,"case"
428.2,563.6,"case"
433.8,542.3,"case"
426.3,585.9,"case"
426.2,561.7,"case"
422.7,562.1,"case"
411.8,553.8,"case"
429,562.3,"case"
431,567.4,"case"
436.1,566.2,"case"
429.9,557.8,"case"
423.8,572.9,"case"
427,566.3,"case"
409.3,550.1,"case"
428.9,562.1,"case"
437.2,566.4,"case"
430.9,544.3,"case"
411.5,555.7,"case"
422.7,564,"case"
426.9,568.8,"case"
438.6,564.5,"case"
428.2,525.3,"case"
426.1,576.2,"case"
441.8,549.3,"case"
433.6,563.3,"case"
430.2,566.2,"case"
426.7,562.3,"case"
431.5,542.7,"case"
439.4,547.2,"case"
439.2,559.6,"case"
426.3,542.2,"case"
421.6,567.1,"case"
434.8,573.9,"case"
438.4,565.5,"case"
424.6,569,"case"
428.4,545.8,"case"
422.4,565,"case"
434.6,571.9,"case"
429.2,532.1,"case"
423.2,564.5,"case"
430.2,580.2,"case"
427.5,568.8,"case"
421.3,569.2,"case"
420.1,561.8,"case"
418.4,613.6,"case"
430.9,581.8,"case"
437.2,567.2,"case"
416.4,533.2,"case"
436.2,570.7,"case"
430.9,581.4,"case"
410.2,555.1,"case"
426.7,567,"case"
429.5,571.8,"case"
430.8,514.3,"case"
433.1,562,"case"
422.4,526.4,"case"
442.5,543.6,"case"
432.4,566.4,"case"
416.1,552.3,"case"
434.1,572.1,"case"
427.5,558.9,"case"
433.1,542.2,"case"
428.8,586.4,"case"
430.7,544.2,"case"
420.6,565.6,"case"
382.3,564.1,"case"
413.2,563.2,"case"
435.2,571.1,"case"
436.1,570.4,"case"
416.7,556.7,"case"
430.6,564.1,"case"
434.1,562.1,"case"
422.5,567.6,"case"
429.2,515.9,"case"
422.6,568.3,"case"
429.4,581.1,"case"
427.4,571.3,"case"
429.8,566.1,"case"
420.1,528.9,"case"
435.6,570.3,"case"
420.3,561.4,"case"
386,577,"case"
433,543.8,"case"
430.9,576.8,"case"
434.1,568.7,"case"
433.5,550.7,"case"
429.9,566,"case"
423.8,565.5,"case"
438.7,553.7,"case"
425.5,551.3,"case"
439.8,554.3,"case"
432.2,567.9,"case"
428.1,524.9,"case"
416.7,534.8,"case"
435.4,558.7,"case"
427.5,564.7,"case"
436.4,565.4,"case"
439.3,559.2,"case"
428.9,515.2,"case"
425.9,568.7,"case"
429.4,581.5,"case"
426.5,565,"case"
432.5,535.4,"case"
427.6,552,"case"
423,561.8,"case"
434.1,563.3,"case"
427.8,564.5,"case"
426,564.4,"case"
420.1,560.9,"case"
427.5,551.6,"case"
428,554.2,"case"
428,528.7,"case"
415.8,573.1,"case"
425.7,564.3,"case"
430,575.5,"case"
422.6,563.5,"case"
429.1,564.5,"case"
423.1,561.3,"case"
435.4,556.9,"case"
434.5,563.1,"case"
433.2,550.5,"case"
416.1,566.2,"case"
426.2,565.9,"case"
421.4,565.4,"case"
432.4,535.2,"case"
436.3,564.7,"case"
420.8,551.4,"case"
439.5,556.2,"case"
418.5,566.5,"case"
428.1,565,"case"
428.9,566,"case"
426.8,567,"case"
399,628,"case"
427.9,569.9,"case"
415.1,564.3,"case"
434.1,568.1,"case"
430.7,541.5,"case"
426.8,564.6,"case"
425.6,565.2,"case"
427.7,559.3,"case"
430.9,581.2,"case"
416.1,573.4,"case"
418.3,526.1,"case"
425.6,566.6,"case"
426.9,571.6,"case"
418.9,567,"case"
428.2,564.6,"case"
424.6,601.5,"case"
426.5,565.1,"case"
423.7,563.5,"case"
423.9,573.6,"case"
427.4,524.4,"case"
421.1,566.7,"case"
418.2,566.3,"case"
419.2,564.8,"case"
429.5,567.6,"case"
414.8,546.7,"case"
426.1,560.5,"case"
426.9,575.8,"case"
436.4,571,"case"
417.3,563.9,"case"
423.4,567.2,"case"
429,570.1,"case"
420.4,544.9,"case"
416.9,551.4,"case"
425.4,559.2,"case"
426.4,567.4,"case"
425.9,561.9,"case"
439.2,540.2,"case"
426.1,558.4,"case"
412,557.8,"case"
425.1,561.3,"case"
422.6,562.6,"case"
430.7,534.3,"case"
420.5,567.6,"case"
429,532.8,"case"
425.9,569,"case"
441.1,552.4,"case"
426.7,569,"case"
421.2,567.3,"case"
419.6,552.1,"case"
425.7,581.7,"case"
420.3,567.7,"case"
420.8,566.5,"case"
437.6,566.6,"case"
394.5,650.7,"case"
422.9,567,"case"
426.5,568.7,"case"
425.1,562.9,"case"
427,576.8,"case"
436,558.2,"case"
427.9,513.9,"case"
431.5,580.7,"case"
429,563.6,"case"
420.5,567.5,"case"
420.5,566,"case"
435,573.4,"case"
436.4,546.1,"case"
427.1,565,"case"
426.8,564.7,"case"
409.8,562.6,"case"
422.9,561.5,"case"
419.8,585.4,"case"
439.6,564.9,"case"
413.6,563.8,"case"
425.3,540,"case"
423.4,526.7,"case"
415.8,564.3,"case"
424.6,568.9,"case"
443.1,540.8,"case"
424.1,573.2,"case"
423.6,565.5,"case"
440.4,556.2,"case"
430.9,567.4,"case"
431.1,580.6,"case"
415.3,528.2,"case"
420.5,564.5,"case"
428.4,569.5,"case"
428.8,560.4,"case"
421.3,565.1,"case"
393.5,563.8,"case"
438.1,563.3,"case"
419.4,565.9,"case"
421.9,563.8,"case"
426.2,541.6,"case"
435.9,546.3,"case"
423.2,542.8,"case"
425.2,585.1,"case"
399,628,"case"
428.2,560.3,"case"
424.7,581.7,"case"
414.3,562.2,"case"
435.1,548.1,"case"
418.5,566.1,"case"
425.7,564.9,"case"
430.8,557.3,"case"
414.1,563.9,"case"
416.2,573.6,"case"
438.3,553.8,"case"
425.7,569.7,"case"
435.7,554.9,"case"
417.5,561.7,"case"
389,567.9,"case"
431,534.1,"case"
427.6,552,"case"
420.9,562,"case"
428,561.8,"case"
431.6,581.4,"case"
436.8,559.3,"case"
427.6,525.5,"case"
420.5,567.5,"case"
426.7,561.2,"case"
441.6,541.3,"control"
436,572,"control"
413.9,559.7,"control"
424.8,577,"control"
423.2,564.3,"control"
416.1,552.3,"control"
411.6,539,"control"
443.8,540.9,"control"
427,604,"control"
427.7,551.9,"control"
440.9,552.8,"control"
427,552.4,"control"
427.7,525,"control"
426.9,534.3,"control"
428.3,561.8,"control"
420.9,529.9,"control"
408.2,594,"control"
423.3,561.8,"control"
422.9,574,"control"
435.2,570.4,"control"
423.9,573.4,"control"
392.3,647.8,"control"
437,569.4,"control"
438.6,563.8,"control"
405.3,515.8,"control"
424.5,577.5,"control"
429.1,564.5,"control"
431.1,563.2,"control"
436.3,558.8,"control"
435.7,572.3,"control"
440.1,554.9,"control"
388.8,586.6,"control"
419,543.7,"control"
430.4,514.3,"control"
427.2,516.5,"control"
433.6,562.1,"control"
428.4,558.2,"control"
404.7,516.4,"control"
432.2,563.6,"control"
440.9,562,"control"
424.9,564.8,"control"
423.2,528,"control"
426.4,570.5,"control"
426.6,515.8,"control"
432.1,567.9,"control"
428.8,564.7,"control"
433,531.3,"control"
430.2,566.3,"control"
393.4,633.7,"control"
370.3,564.4,"control"
418.4,526.1,"control"
443.7,541.5,"control"
421.3,566.1,"control"
430.3,575.2,"control"
418.5,600.7,"control"
436.8,562.9,"control"
428.2,542.6,"control"
426.5,533.7,"control"
437.9,539.3,"control"
432.2,562.8,"control"
437.5,556.8,"control"
410.9,551.7,"control"
384.7,582.3,"control"
429,564.4,"control"
425.5,583.4,"control"
426.7,515.6,"control"
427.8,571.2,"control"
429.5,562.3,"control"
426.8,569,"control"
433.2,566.4,"control"
438.8,547.4,"control"
424.2,560.7,"control"
423.1,562.3,"control"
420,564,"control"
411,634,"control"
426.8,560.7,"control"
421.6,550.5,"control"
395.7,555.9,"control"
436.1,552.6,"control"
437.5,559.4,"control"
427.2,551.5,"control"
436.8,535.8,"control"
432.5,564.2,"control"
433.7,568.8,"control"
426.5,551.4,"control"
429,562.1,"control"
423.4,520.9,"control"
416.3,534,"control"
443.4,541.8,"control"
419.8,585.9,"control"
425.6,553.6,"control"
399.1,551.5,"control"
422.5,561.5,"control"
440.5,555.7,"control"
443.1,540.3,"control"
420.9,528.1,"control"
422.6,572.5,"control"
384.5,564.4,"control"
418.7,584.9,"control"
420.3,585.1,"control"
419.3,565.3,"control"
430.3,510.6,"control"
428.7,525.1,"control"
414.9,596.4,"control"
424.2,562.2,"control"
427.6,552.3,"control"
426.8,571.9,"control"
441.7,549.6,"control"
423.1,525.6,"control"
436.1,554.1,"control"
438.2,559.3,"control"
439.5,555.2,"control"
428.3,525.3,"control"
429,564.6,"control"
426.1,544.1,"control"
438.7,558.4,"control"
436.8,569.4,"control"
427.7,515.2,"control"
419.4,551.8,"control"
404.8,564.1,"control"
429,529.5,"control"
422.7,587.4,"control"
398.8,652.8,"control"
430,562.6,"control"
424.8,564.1,"control"
408.5,563.8,"control"
433.5,562.6,"control"
433.5,569.1,"control"
431.4,580.7,"control"
430.9,587.6,"control"
425.6,563,"control"
422.4,562.2,"control"
430.4,580.6,"control"
414.1,559.2,"control"
387.8,635.9,"control"
438.5,558.6,"control"
422.1,567.4,"control"
424.7,564.1,"control"
407.5,548.3,"control"
427.6,525,"control"
407,574.7,"control"
438.3,553.3,"control"
420.7,527.8,"control"
426.4,515,"control"
431.9,536.2,"control"
409.6,551.7,"control"
416.3,533.5,"control"
438.4,562.4,"control"
424.2,568.3,"control"
425.6,563.1,"control"
404.7,516.8,"control"
427.4,551.2,"control"
442.9,540.6,"control"
392.8,564.4,"control"
436,566.2,"control"
430.4,555.5,"control"
396,566.7,"control"
436.7,567,"control"
426.5,564.1,"control"
430,579.5,"control"
428.2,564.7,"control"
440.6,562.3,"control"
432.7,553.3,"control"
440,560,"control"
443.9,541,"control"
393.3,564.2,"control"
411.7,556.8,"control"
436.5,561.2,"control"
418.5,613.4,"control"
429,513.7,"control"
429,554.2,"control"
418.6,553.9,"control"
437.4,554.6,"control"
426.1,542.5,"control"
418.4,613.2,"control"
432,546.6,"control"
430.6,513.8,"control"
399.3,564.5,"control"
438.6,557.2,"control"
436.5,532.8,"control"
421.4,544.3,"control"
436.9,567,"control"
427.5,561.7,"control"
437.9,558.9,"control"
425.2,560.5,"control"
433,569.4,"control"
411.7,565,"control"
410.7,619.4,"control"
436.4,555.2,"control"
425.9,559.5,"control"
420.8,585.1,"control"
427.9,556,"control"
439.2,559.6,"control"
414,559.9,"control"
425.5,533.9,"control"
405.7,601.6,"control"
398.6,564.5,"control"
428.5,565.4,"control"
420.3,562.5,"control"
420,585.7,"control"
430,556.3,"control"
419.5,534.4,"control"
427,544,"control"
425.9,561.9,"control"
424,624.6,"control"
425,564.3,"control"
416.7,551.7,"control"
424.9,568,"control"
425.6,566.2,"control"
392.8,564.3,"control"
431.1,564.2,"control"
425,553.3,"control"
434.3,573,"control"
437.5,566.3,"control"
436,555.5,"control"
391.8,558,"control"
422.9,562.3,"control"
419.8,527.3,"control"
420.8,567,"control"
429,574.3,"control"
412.1,538.8,"control"
417.1,562.6,"control"
428.3,564.1,"control"
419.4,578.2,"control"
380.3,596.6,"control"
420.6,529.8,"control"
428.6,515,"control"
421.7,564,"control"
419.9,562,"control"
436.8,566.1,"control"
428.5,563.3,"control"
440.5,553.5,"control"
429.1,566.1,"control"
431.6,581.4,"control"
438.2,555,"control"
427.4,522.1,"control"
438.9,564.9,"control"
436,565.6,"control"
439.7,557,"control"
410.8,551,"control"
370,563.6,"control"
430.1,554.2,"control"
435.6,556.3,"control"
434.7,561.7,"control"
434.6,572.7,"control"
421.6,567.4,"control"
389.5,528.9,"control"
417.8,565.2,"control"
425.1,560.1,"control"
420.6,527.4,"control"
426.1,533.7,"control"
438.8,556.4,"control"
426.6,558.4,"control"
440.6,555.5,"control"
429.3,561.4,"control"
434.6,513.1,"control"
418.4,553.9,"control"
440,556.8,"control"
440.6,563.5,"control"
416.3,555.4,"control"
428.7,515.7,"control"
435.7,570.6,"control"
410.6,551.1,"control"
417.1,551.2,"control"
429.3,517.1,"control"
426.9,550.2,"control"
427.5,577.1,"control"
430.4,531.2,"control"
419.7,568.1,"control"
436.9,569.8,"control"
437.2,566.2,"control"
427.5,514.1,"control"
425.4,551.5,"control"
439.5,556.4,"control"
428.9,554.9,"control"
426.4,573.8,"control"
429.2,561.6,"control"
438.2,557,"control"
435.7,561.2,"control"
429.3,591,"control"
422.3,562.4,"control"
421.5,566,"control"
417.8,563.6,"control"
416,533.4,"control"
421.4,585.7,"control"
430.5,580,"control"
438.1,535.9,"control"
432.5,552.7,"control"
427.4,571.2,"control"
434.7,570.2,"control"
435.1,572,"control"
422.8,598.4,"control"
434.6,561.7,"control"
391.4,630.1,"control"
426.9,542.4,"control"
392.7,563.6,"control"
400.1,652.7,"control"
440.2,554.4,"control"
430.9,567.4,"control"
393.4,604.6,"control"
429.1,567.5,"control"
430.9,587.9,"control"
442.7,549.4,"control"
439.7,555,"control"
388.2,575.7,"control"
427.3,560.6,"control"
429.3,564.2,"control"
412.7,552,"control"
427.6,582.7,"control"
403.2,536.8,"control"
430,561,"control"
436.3,567.2,"control"
424.1,556.6,"control"
425.3,565.2,"control"
404.1,629.5,"control"
434.9,572.7,"control"
423.3,558,"control"
427.1,542.4,"control"
436.6,565.6,"control"
427.5,515.3,"control"
429.7,514.2,"control"
419.5,535.3,"control"
431.4,515.5,"control"
427.4,551.8,"control"
392.2,593.5,"control"
419,542.1,"control"
409.9,616.2,"control"
426.7,573.8,"control"
428.2,555.4,"control"
390.6,563.4,"control"
409,555.4,"control"
427.3,515,"control"
428.9,514.6,"control"
435.3,568.4,"control"
421.4,528.2,"control"
409.1,552.7,"control"
433.8,569.4,"control"
425.3,551.9,"control"
431.1,570.2,"control"
418.7,564.5,"control"
422.3,529.3,"control"
429.7,561,"control"
439.5,546.9,"control"
399.9,652.8,"control"
431,581,"control"
437.6,562,"control"
433.5,562.6,"control"
425.3,533.6,"control"
426.5,558.9,"control"
430.5,580.9,"control"
439.4,540.6,"control"
430.7,543,"control"
422,568.4,"control"
415.8,521.6,"control"
434.9,568.6,"control"
429,515,"control"
423.7,529.8,"control"
431.3,581.7,"control"
428.2,542.7,"control"
427.9,553.3,"control"
430.2,570.4,"control"
427,564.9,"control"
415.2,590.5,"control"
393.8,567.8,"control"
432.2,542.5,"control"
427,516.8,"control"
428.8,541.8,"control"
434.4,572,"control"
411.8,549.8,"control"
427.5,576.9,"control"
432.4,563.1,"control"
420,535.3,"control"
442.3,539.6,"control"
430.7,513,"control"
438.8,556.6,"control"
393.5,564,"control"
411.4,558.2,"control"
426.2,568.2,"control"
429.3,513.7,"control"
433,577,"control"
415.6,524.8,"control"
433.6,567.7,"control"
437.1,556.6,"control"
423.9,517.6,"control"
427.3,556,"control"
442,539.8,"control"
413.4,565,"control"
438.1,556.9,"control"
427.6,586.9,"control"
427,542.3,"control"
431,513.9,"control"
428.4,569.3,"control"
435.1,570.4,"control"
434.2,568.9,"control"
436.4,567.2,"control"
436.8,555.6,"control"
435.3,557,"control"
417.4,520.5,"control"
420.8,551.4,"control"
411.1,634.5,"control"
411,532.9,"control"
424.2,563.8,"control"
425.2,567.8,"control"
413.1,564.8,"control"
430.9,581.8,"control"
421.2,532.9,"control"
422.1,566.8,"control"
434.5,573.4,"control"
427.2,587.7,"control"
426.4,550.5,"control"
424.4,567.8,"control"
425.2,582.2,"control"
428.2,587.4,"control"
419.4,565.6,"control"
417.7,566.7,"control"
424,542.1,"control"
435.9,568.8,"control"
424.1,540.1,"control"
394,646.5,"control"
429,515.5,"control"
426.3,562.3,"control"
439.4,547.2,"control"
403,571,"control"
423.4,568.4,"control"
423.6,560.7,"control"
419.7,567.8,"control"
432.7,566.4,"control"
422.5,526,"control"
419.1,634.5,"control"
422,563.7,"control"
409.3,552.2,"control"
427.2,515.2,"control"
423.7,580.4,"control"
435.4,559.1,"control"
424.1,580.3,"control"
418.7,547.7,"control"
420.6,528.4,"control"
427.7,515.3,"control"
425.9,531.4,"control"
427.2,554.2,"control"
417.1,554.4,"control"
424.9,562.9,"control"
436.8,569.2,"control"
416.8,564,"control"
440.1,556,"control"
424,539,"control"
428.7,530.2,"control"
421.6,568,"control"
440.1,536.7,"control"
434.8,571.7,"control"
429.5,543.3,"control"
366.7,589.4,"control"
417.4,554.5,"control"
434,536.6,"control"
412,558.4,"control"
442.9,549.1,"control"
409.8,551.8,"control"
432.1,553.1,"control"
425.1,564.5,"control"
410.8,550.2,"control"
398.8,567.4,"control"
367,561,"control"
433.8,551.4,"control"
423.4,543.4,"control"
425.9,568.7,"control"
384.3,587.5,"control"
424.7,564.7,"control"
425,571.5,"control"
426.5,552,"control"
440.4,562.9,"control"
415.6,563.7,"control"
425.9,563.7,"control"
432.5,564.1,"control"
431,574,"control"
431.1,581.1,"control"
440.2,558.9,"control"
434.5,567.8,"control"
424.5,564.8,"control"
417.6,561.6,"control"
426.7,566.4,"control"
436.2,555,"control"
412.7,551.7,"control"
427.2,541.8,"control"
419.9,586.4,"control"
426.2,535.2,"control"
427.5,576.5,"control"
415.2,518.3,"control"
417.2,562.4,"control"
416.5,603.5,"control"
432.5,569.7,"control"
410.7,550.9,"control"
434.8,550,"control"
440.5,557.4,"control"
392.6,564.1,"control"
416.1,556.5,"control"
428.8,515,"control"
427.6,513.7,"control"
431.5,555.7,"control"
434.6,563.8,"control"
422.6,572.6,"control"
394.1,563.9,"control"
439.5,558,"control"
435.4,568.4,"control"
404.9,516,"control"
426.8,565,"control"
426.6,559.3,"control"
427.9,534.8,"control"
425.7,534.4,"control"
426.3,516.2,"control"
437.9,539.3,"control"
439.8,554.3,"control"
427.2,545.3,"control"
430.1,515.4,"control"
426,581.1,"control"
433.2,552.6,"control"
419.6,569,"control"
381.7,567.8,"control"
405.5,558.5,"control"
393.4,633.7,"control"
435.1,568.3,"control"
440.6,553,"control"
424.3,529.7,"control"
428.8,563.6,"control"
430.7,513.4,"control"
418.7,564.7,"control"
429.3,591,"control"
430,514.3,"control"
425,564,"control"
441.4,557.2,"control"
425.5,565,"control"
424.7,530,"control"
428.8,543,"control"
430.7,580.7,"control"
419.8,567.1,"control"
427.7,586.9,"control"
446,539.2,"control"
438.2,565,"control"
423.7,572.8,"control"
428.8,532.7,"control"
431.8,535.6,"control"
417.1,551.3,"control"
425.4,581.5,"control"
393.2,564.7,"control"
424.8,533.2,"control"
379.4,564.9,"control"
423.5,564.4,"control"
438.2,553.8,"control"
439.6,546.9,"control"
426.9,567.3,"control"
426.4,581.9,"control"
434.4,568.1,"control"
428.7,586.2,"control"
436.3,567.4,"control"
419,541.9,"control"
414.2,552.8,"control"
429.8,566.3,"control"
421.4,563.7,"control"
426.4,568.9,"control"
425.4,563.2,"control"
436.2,567,"control"
417.8,561.8,"control"
428.3,526.6,"control"
427.9,544.7,"control"
429.7,534.3,"control"
439.8,557,"control"
426.5,514.3,"control"
436,570.6,"control"
429.4,562.3,"control"
391.8,537.7,"control"
426.4,552,"control"
437.8,552,"control"
427,570.6,"control"
421.6,567.4,"control"
427.6,566.6,"control"
424.2,567.5,"control"
395.2,547.9,"control"
424.8,533.2,"control"
428,587.3,"control"
401.3,589.7,"control"
442.8,539.2,"control"
426.9,569.2,"control"
426,534.7,"control"
420.8,528.7,"control"
426.1,562.6,"control"
405.9,603.3,"control"
426,543.3,"control"
426.9,577.3,"control"
428.7,563.2,"control"
440.2,554.5,"control"
433.2,562,"control"
418.5,563.3,"control"
417.9,567.6,"control"
409,563.5,"control"
429,560.6,"control"
419.5,612.3,"control"
439.6,546.9,"control"
416.9,566.4,"control"
415,558.6,"control"
417.7,612.8,"control"
427.1,564,"control"
410.4,551.7,"control"
431,562.9,"control"
442.8,540.6,"control"
433,563.8,"control"
430.7,564.7,"control"
409.4,551.4,"control"
435.7,572.2,"control"
418.2,600,"control"
434.5,561.7,"control"
431.3,533.9,"control"
428.2,528.7,"control"
432.6,564.9,"control"
427.3,566,"control"
412.5,551.9,"control"
400,652.6,"control"
429.9,557.7,"control"
426.2,563.3,"control"
436.7,567.6,"control"
427.4,596,"control"
408.4,563.9,"control"
434.1,567.7,"control"
438,535.7,"control"
422.5,552.3,"control"
423.5,563.7,"control"
410.8,551.1,"control"
425.1,566.9,"control"
384.7,565.7,"control"
426.6,570.6,"control"
423.9,564.1,"control"
420.4,601.1,"control"
408.1,618.2,"control"
405.4,572.8,"control"
442.3,549,"control"
428.3,514.2,"control"
434.2,573.2,"control"
431.3,568.9,"control"
424.9,564.4,"control"
426.9,563.9,"control"
434.5,559.5,"control"
416.8,528.9,"control"
411.9,634.8,"control"
407.7,537.2,"control"
410.1,551.4,"control"
425,550.1,"control"
418.8,583.7,"control"
427.1,555.8,"control"
435.1,569.7,"control"
432.2,566.4,"control"
435.1,559.1,"control"
427.2,577.8,"control"
419.4,585.3,"control"
411.6,558.1,"control"
438.1,565.5,"control"
424.1,539.4,"control"
437.8,555.3,"control"
376.5,569.1,"control"
434.9,568,"control"
423.7,572.8,"control"
423.7,564.6,"control"
432.4,549.8,"control"
430.3,531.3,"control"
419,564.6,"control"
415.3,570.5,"control"
425,565.6,"control"
440.1,563.4,"control"
436.5,569.5,"control"
420,561.9,"control"
430.1,581.5,"control"
435.1,572.7,"control"
424.5,540.3,"control"
439.9,556.9,"control"
439.7,554.9,"control"
428.1,536.8,"control"
436.3,568.4,"control"
429.1,567,"control"
399,628,"control"
415.7,558.1,"control"
390.8,584.4,"control"
393.5,630.4,"control"
425.3,562,"control"
393.3,564.4,"control"
428.6,534.6,"control"
435.9,568.3,"control"
433.2,531.6,"control"
424.3,529.6,"control"
434.7,572.5,"control"
435,572.4,"control"
421.1,550.6,"control"
435.5,572,"control"
394.2,564,"control"
428.9,562,"control"
425.1,545.1,"control"
413.6,516.6,"control"
422.9,575.1,"control"
406.4,562.7,"control"
422.1,568.1,"control"
430.5,558.6,"control"
437.6,538.7,"control"
435.8,568.7,"control"
439.6,556.1,"control"
439.7,557,"control"
425,571.5,"control"
428.1,553.1,"control"
427.3,541.8,"control"
399.2,539.3,"control"
426.9,562.2,"control"
436.1,559.4,"control"
422.2,632.2,"control"
421.9,568,"control"
434.2,567.9,"control"
430.8,564.1,"control"
430.4,568.1,"control"
429,581,"control"
442.8,543.6,"control"
430.1,513.4,"control"
432.1,556.5,"control"
422.1,567.2,"control"
428.8,514.5,"control"
418.8,532.4,"control"
429.2,516.5,"control"
411.4,550.2,"control"
423.2,611,"control"
427.4,542.5,"control"
439.2,555.4,"control"
419.7,553.1,"control"
418.4,547.4,"control"
423,563.8,"control"
428.7,514.7,"control"
432,563.6,"control"
417.6,565.1,"control"
418.9,548.4,"control"
410.5,551.2,"control"
417.8,561.6,"control"
424.2,564.3,"control"
425.4,585.4,"control"
435.1,572.8,"control"
441.4,540.2,"control"
388.1,538.1,"control"
431.9,567.6,"control"
416.4,547.2,"control"
425.1,562.3,"control"
434.7,559.2,"control"
428.3,523.8,"control"
436.6,566.8,"control"
435.5,559.4,"control"
439.6,552.8,"control"
402.5,536.9,"control"
413,601.2,"control"
378.8,563.9,"control"
433.8,563.6,"control"
420,585.9,"control"
436.8,545.6,"control"
409.9,553.1,"control"
437.1,559.2,"control"
412.6,526.1,"control"
426.3,587.8,"control"
422.3,569,"control"
403.3,606.4,"control"
428.8,553.6,"control"
417.6,562.8,"control"
424.1,525.7,"control"
417.4,605.4,"control"
420.9,561.2,"control"
426.5,564.2,"control"
417.6,526.3,"control"
430,556.3,"control"
429,515.7,"control"
421.4,561.1,"control"
427.1,561,"control"
424.8,619.8,"control"
440.1,552.1,"control"
436.9,565.7,"control"
423,563.1,"control"
440.6,557.5,"control"
430.1,557.6,"control"
401.4,616.2,"control"
414.8,596.4,"control"
423.5,526.2,"control"
425,567.7,"control"
416.2,572.8,"control"
426.9,574,"control"
422.5,564.6,"control"
427.9,556,"control"
427.9,571.1,"control"
435.5,569.1,"control"
429.5,562.9,"control"
419.9,586.3,"control"
440.5,561.9,"control"
426.5,604.5,"control"
392.8,580.1,"control"
425.2,582.2,"control"
417.6,562.5,"control"
391.8,571.5,"control"
399.7,653.4,"control"
426.1,560.3,"control"
432.6,553.3,"control"
419.6,552,"control"
398.8,564.7,"control"
420.7,566.6,"control"
426.1,581.8,"control"
425.9,573.6,"control"
422.8,525.9,"control"
442.5,541.4,"control"
383.9,556.9,"control"
431,534.5,"control"
429.4,564.5,"control"
436,552.7,"control"
424.5,564.4,"control"
427.4,587.5,"control"
425.1,567.2,"control"
440.4,555.5,"control"
426.6,555.7,"control"
433.5,572.8,"control"
400.5,651.4,"control"
413.6,518.4,"control"
435,564.8,"control"
420.5,552.1,"control"
429,532.5,"control"
400,538.8,"control"
398.6,564.6,"control"
431.9,551.9,"control"
399.9,652.7,"control"
429.2,593.3,"control"
422,563.7,"control"
427,583,"control"
419.3,552.8,"control"
425.6,559.3,"control"
432.7,552.7,"control"
425.7,581.5,"control"
444.3,540.8,"control"
431.5,556.1,"control"
426.4,564.3,"control"
439.4,557.7,"control"
427.6,561.6,"control"
428.8,512.9,"control"
420.9,566.5,"control"
433.5,562.2,"control"
432.2,567.7,"control"
424.3,529.7,"control"
436.7,566.6,"control"
439.7,541,"control"
423.9,572.4,"control"
419.1,564.9,"control"
428.9,515.2,"control"
424.9,564.2,"control"
436.6,564.5,"control"
421.4,542.3,"control"
431,556.5,"control"
435.7,572,"control"
439.2,557.7,"control"
433.5,573,"control"
401.6,561.5,"control"
428.1,587.6,"control"
418.9,554.8,"control"
436.7,565.8,"control"
413,605.1,"control"
429.3,558.5,"control"
383.8,553.8,"control"
443.4,540,"control"
417,559.6,"control"
427.6,578.5,"control"
427.6,582.9,"control"
428.2,514.3,"control"
392,570.2,"control"
393.6,563.9,"control"
425.6,585.1,"control"
427,515.8,"control"
417.7,568.9,"control"
441.2,553.7,"control"
399.3,652.3,"control"
439.8,556.8,"control"
435.9,566.5,"control"
439.6,564.3,"control"
422.7,563.9,"control"
424.9,566.8,"control"
426.5,604.5,"control"
416.3,547.7,"control"
385.6,578.3,"control"
432.9,567.8,"control"
434.5,568.6,"control"
433.6,569.4,"control"
429,515.3,"control"
444.1,540.8,"control"
427.8,525.1,"control"
427,587,"control"
425.3,533.6,"control"
438.1,553.9,"control"
425.2,561.9,"control"
433.7,539.9,"control"
420,586.4,"control"
431,551.1,"control"
414.1,564,"control"
434.4,568.5,"control"
425.1,564.4,"control"
413.1,551.8,"control"
399,582,"control"
428.1,583,"control"
430.7,543.4,"control"
418.3,566.6,"control"
398.6,513.9,"control"
427,575.5,"control"
431.7,574.3,"control"
418.6,526.8,"control"
424.2,546.9,"control"
442,539.7,"control"
422.8,567.4,"control"
426.9,577.5,"control"
429.5,558.1,"control"
428.6,525.6,"control"
425.5,533.7,"control"
421.1,561.4,"control"
393.5,604.6,"control"
439.3,558.5,"control"
405,516.3,"control"
438.2,547.4,"control"
440.3,555.1,"control"
435,568.3,"control"
385.6,539.6,"control"
414.2,558.9,"control"
419.4,553.1,"control"
429.6,570,"control"
436.7,568.1,"control"
426.2,569,"control"
399.3,652.3,"control"
432.8,565.2,"control"
422.6,568.5,"control"
427.1,542.5,"control"
396.4,606.8,"control"
426.4,582,"control"
427.4,578.2,"control"
429.6,532.1,"control"
429.8,567.5,"control"
429.4,581.4,"control"
440,555.2,"control"
393.8,563.5,"control"
441.9,549.5,"control"
438.3,558.5,"control"
419.3,534.3,"control"
412.2,549.8,"control"
392.2,564.5,"control"
440.6,556.2,"control"
390.9,570.7,"control"
439.5,558.7,"control"
421.4,566.4,"control"
394,564,"control"
437.6,564.6,"control"
425.2,553.1,"control"
425.4,567.9,"control"
440.3,555.7,"control"
427.7,551.9,"control"
431.8,568.1,"control"
439.3,554.4,"control"
441.7,541.6,"control"
426.3,542,"control"
432.8,563.3,"control"
432.7,572.1,"control"
435.1,561.8,"control"
434.8,547.7,"control"
436,556.8,"control"
410.5,555.4,"control"
426.2,587.7,"control"
410.5,526.6,"control"
425.2,562.3,"control"
429.7,560.6,"control"
431.5,555.6,"control"
418.1,562.4,"control"
409.7,551.9,"control"
423.6,543.2,"control"
435.8,566.8,"control"
443.7,543.6,"control"
430.6,573.9,"control"
427,585.5,"control"
437.9,552.7,"control"
425.7,568.5,"control"
430,515.3,"control"
434.1,549.9,"control"
426.5,604.5,"control"
381,579.4,"control"
435.7,568.2,"control"
413.3,601.9,"control"
423.2,622.6,"control"
416.7,547.4,"control"
446.3,538.9,"control"
436,554.8,"control"
422.7,552,"control"
409.1,563.2,"control"
431.9,550.4,"control"
436.4,567,"control"
420,586,"control"
436,531.7,"control"
434.1,563.5,"control"
431.6,556.7,"control"
421.5,631.7,"control"
430,579.5,"control"
442.4,541.1,"control"
436.1,564.6,"control"
430.3,570.4,"control"
415.9,533.4,"control"
427.7,564.1,"control"
417.6,566.3,"control"
421.4,566.2,"control"
426,550.4,"control"
437,534.1,"control"
434.2,516.9,"control"
417.9,613.7,"control"
419.7,567.1,"control"
412,539,"control"
424.8,564.3,"control"
424.6,563.9,"control"
428.2,571.5,"control"
415,558.5,"control"
428.2,574.2,"control"
414.8,586.1,"control"
429.9,557.9,"control"
425.7,560.3,"control"
435.3,559.4,"control"
427.7,558.5,"control"
440.2,556.4,"control"
425.2,564,"control"
404.1,601.2,"control"
434.9,569.7,"control"
426.2,525.1,"control"
425.4,568.5,"control"
411.4,568.5,"control"
425.9,566.1,"control"
442.7,541.5,"control"
425.6,563,"control"
421.2,550.9,"control"
435.3,556.7,"control"
432.1,549.6,"control"
409.9,562.5,"control"
425,532,"control"
430.9,571.1,"control"
442.6,543.9,"control"
418.9,564.3,"control"
424.4,564.1,"control"
430.9,565.3,"control"
418.9,567.2,"control"
420.6,565.8,"control"
438.1,552.7,"control"
436.3,567.5,"control"
404.3,515.7,"control"
439.2,564.6,"control"
429.6,555.1,"control"
441.8,543.3,"control"
409,549.5,"control"
427.6,565,"control"
417.7,525.9,"control"
440.7,554.6,"control"
423.8,564.1,"control"
430.7,544,"control"
440.7,538.4,"control"
387,567.9,"control"
400.5,651.7,"control"
435.9,570.4,"control"
440.5,562,"control"
420.4,559.2,"control"
426.8,561.2,"control"
440.3,557,"control"
437.3,555.1,"control"
408.5,563.8,"control"
443.7,541.4,"control"
437.7,552.5,"control"
427.2,582.6,"control"
419.3,560.4,"control"
432.5,564.5,"control"
438.8,547,"control"
431.5,516.2,"control"
424,580.2,"control"
427.7,568.8,"control"
427.5,542.6,"control"
427,572,"control"
419.1,566.1,"control"
437.3,556.6,"control"
433.9,567.3,"control"
429.5,566.6,"control"
432.6,565.3,"control"
431.5,557.8,"control"
419.4,552.9,"control"
393.4,564.2,"control"
440.6,562.5,"control"
428.9,563.7,"control"
419.9,585.7,"control"
435.8,559.3,"control"
424.7,564.1,"control"
426,585.6,"control"
432.3,567.9,"control"
428.3,514.2,"control"
396.7,523.7,"control"
430,561.3,"control"
437.4,566.4,"control"
425.6,581.6,"control"
427.6,565.8,"control"
430.7,513.5,"control"
431.5,568.9,"control"
423.7,567.8,"control"
435.3,568.4,"control"
439.1,541.2,"control"
403,573,"control"
410,562.4,"control"
414.2,562.2,"control"
427.6,524.6,"control"
424.9,562.8,"control"
427.4,578.2,"control"
430.9,557.5,"control"
442.9,540.7,"control"
425.3,534.8,"control"
424.9,564.2,"control"
436.5,556,"control"
434.9,559.4,"control"
434.2,571.9,"control"
440.2,557.2,"control"
416.3,556.6,"control"
423.1,568.3,"control"
440.3,552.7,"control"
442.9,548.5,"control"
405.5,601.6,"control"
420.3,567.4,"control"
421.2,631.5,"control"
414.2,520.7,"control"
423.7,563.1,"control"
434.7,559,"control"
434.6,563.5,"control"
436.7,563,"control"
418,562.5,"control"
423.4,563.7,"control"
370.7,564,"control"
427.7,542.7,"control"
388.6,595.2,"control"
433,563.3,"control"
393.4,564.3,"control"
422.6,587.7,"control"
438.2,559.2,"control"
440.3,558.6,"control"
424.8,564.8,"control"
412.6,551.8,"control"
415.3,535,"control"
428.8,556.4,"control"
426.6,558.4,"control"
423.3,622.3,"control"
426.6,544.4,"control"
424.8,563.9,"control"
430,557.5,"control"
443.9,541.2,"control"
376.9,567.2,"control"
414.7,531.2,"control"
407.5,561.3,"control"
426.1,567.2,"control"
432.7,569.6,"control"
425.3,553.2,"control"
427.2,569.4,"control"
428.5,532.5,"control"
430.2,558.2,"control"
437.3,565.6,"control"
410.4,619.5,"control"
387.7,575.1,"control"
426.1,563.4,"control"
418.3,564.8,"control"
435.4,568.5,"control"
420.4,530.9,"control"
429.9,565.8,"control"
438.4,539.4,"control"
422.7,562.3,"control"
409.9,562.7,"control"
439.8,558.8,"control"
425.5,563,"control"
424.3,565.4,"control"
434.4,564.8,"control"
435.6,556.9,"control"
432.6,572.2,"control"
428,513.8,"control"
413.8,562.1,"control"
423.8,567.7,"control"
435.5,567.8,"control"
440.6,554.9,"control"
430.1,566.9,"control"
412.8,557.6,"control"
416.9,562.2,"control"
440.3,555.2,"control"
436.2,539.7,"control"
436.4,553.4,"control"
433.1,563.3,"control"
430.6,580.4,"control"
424.4,570.1,"control"
437.8,539.1,"control"
425.2,562,"control"
416.3,532.8,"control"
417.3,551.5,"control"
422.1,564.1,"control"
418,543.5,"control"
429,515.3,"control"
385.8,578.8,"control"
427.2,541.3,"control"
427.7,525.2,"control"
378.9,565.4,"control"
426,525,"control"
421.6,580.6,"control"
440.3,556.9,"control"
440.4,556.6,"control"
417.5,564.9,"control"
427.4,541,"control"
422.9,564.4,"control"
415.2,564.4,"control"
422.1,563.4,"control"
420.2,535.1,"control"
409.9,551.8,"control"
436.3,566.6,"control"
437.3,543.1,"control"
437.4,545.8,"control"
430.9,570.3,"control"
425.9,559.5,"control"
426,574.2,"control"
422.5,579.4,"control"
414.1,631.2,"control"
432.6,563.3,"control"
426.2,569.1,"control"
428.6,516.6,"control"
438.9,556.2,"control"
420.7,560.8,"control"
427.2,558.9,"control"
425.1,568.7,"control"
435.6,557,"control"
392.1,605.7,"control"
436.8,566.2,"control"
421.3,579.4,"control"
436,553.4,"control"
425.5,582.1,"control"
432,514,"control"
426.1,571.8,"control"
400.4,651.5,"control"
424.4,564.7,"control"
422.2,567.5,"control"
420.7,585.3,"control"
370.5,563.6,"control"
418.3,623.3,"control"
393.4,563.7,"control"
425,568,"control"
400.7,651.3,"control"
439.6,557.8,"control"
436.2,539.7,"control"
440,559.8,"control"
427.6,551.6,"control"
426.2,540.9,"control"
442.1,539.8,"control"
429.7,564.8,"control"
428.7,514.3,"control"
442.7,538.8,"control"
440.2,557,"control"
435,561,"control"
431.5,556.5,"control"
427.7,571.8,"control"
432.9,553.7,"control"
431.4,568.6,"control"
430,530.6,"control"
425.1,564.5,"control"
429.5,515.5,"control"
426.6,568.7,"control"
425.9,576.5,"control"
428.2,574.2,"control"
436.2,555.1,"control"
424,567.7,"control"
407.9,578.2,"control"
439.8,559.6,"control"
430.5,538.5,"control"
422.9,563.3,"control"
425.1,567.4,"control"
425.3,562,"control"
435.7,568.7,"control"
426.5,604.5,"control"
435.1,571.7,"control"
401,519.7,"control"
393.5,563.8,"control"
433.9,537.9,"control"
426.7,537.6,"control"
431.7,581.6,"control"
434.5,561.7,"control"
390.1,537.9,"control"
442.2,539.9,"control"
409.1,563,"control"
413.7,526.9,"control"
424.9,562.5,"control"
425.9,543.6,"control"
428.2,565.5,"control"
424.3,569,"control"
428.6,516.5,"control"
419.3,565.4,"control"
441.5,540.6,"control"
409.4,607.1,"control"
431.8,567,"control"
426.8,564.5,"control"
428.9,586.7,"control"
425.3,584.3,"control"
409.4,551.9,"control"
425.6,568.6,"control"
421.3,569.2,"control"
427,596,"control"
424.8,564.4,"control"
423.4,571.2,"control"
436.1,564.7,"control"
438.5,558.8,"control"
422.4,565.4,"control"
426.9,535,"control"
412.7,524,"control"
427.7,525,"control"
431,579,"control"
425.9,565.4,"control"
428.9,558.3,"control"
419.8,586.3,"control"
404.8,645.8,"control"
443,544,"control"
432.4,565,"control"
432,523,"control"
429.8,567.7,"control"
426.2,576.7,"control"
434.5,512.4,"control"
427,516.2,"control"
412.5,538.5,"control"
423,561.9,"control"
428.4,587.3,"control"
430,556.1,"control"
430.6,564.2,"control"
424.7,564.3,"control"
426.1,550.4,"control"
423.1,568.1,"control"
425.1,599.4,"control"
432.1,553.9,"control"
432,511.3,"control"
434.8,563.8,"control"
432.1,563.2,"control"
417.7,562.2,"control"
430.8,580.5,"control"
426.4,564.8,"control"
426,525,"control"
425.4,584.1,"control"
432,571.2,"control"
421.5,566.9,"control"
438.6,552.5,"control"
392.7,563.8,"control"
432.4,566.4,"control"
409.8,568.3,"control"
441.8,543.4,"control"
436.5,563,"control"
419,550.9,"control"
424.8,553.1,"control"
429.5,543.5,"control"
429.4,514.3,"control"
417.1,518.1,"control"
429.1,581.5,"control"
421.3,531.2,"control"
425.4,585,"control"
432.8,563.3,"control"
426.3,552.1,"control"
431.1,534.3,"control"
425,571.9,"control"
420.2,561.3,"control"
440.4,553.1,"control"
414,559.2,"control"
417.9,562,"control"
429.2,513.9,"control"
437.9,539.3,"control"
427.5,550.8,"control"
420.2,527.9,"control"
426.1,543,"control"
443.3,539.9,"control"
438.3,554.8,"control"
390.2,592.4,"control"
426.2,516.3,"control"
426.1,581.5,"control"
393.4,563.8,"control"
427.1,515.1,"control"
434.7,547.3,"control"
425.7,563,"control"
430.4,575.3,"control"
435.1,567.9,"control"
420,586.2,"control"
431.4,568.4,"control"
393.5,563.8,"control"
428.9,562.1,"control"
437.6,543.3,"control"
428.7,514.7,"control"
410.1,555,"control"
426.4,567.7,"control"
439.5,556.8,"control"
424.6,563.9,"control"
440,556.7,"control"
422.4,515.4,"control"
426.8,570.5,"control"
399.7,652.8,"control"
441,552.9,"control"
431,588.2,"control"
431.9,567.4,"control"
415.6,564.6,"control"
437.6,556.8,"control"
437.2,555.1,"control"
426.9,577.4,"control"
425.6,582.1,"control"
441.6,543.5,"control"
427.5,587.7,"control"
408.4,563.8,"control"
428.5,532.6,"control"
431.2,568.4,"control"
431.9,566.7,"control"
431.5,581.3,"control"
428.2,565.6,"control"
435.3,567.8,"control"
434,567.1,"control"
428.4,581.7,"control"
424.7,530,"control"
432.8,568,"control"
422.8,564.3,"control"
434.6,572.9,"control"
428.1,525.4,"control"
435.5,568.5,"control"
425.7,577.2,"control"
422.9,567.7,"control"
425,568,"control"
419.5,586.6,"control"
425.7,576.8,"control"
420.5,561.1,"control"
435.5,570.5,"control"
436.7,561.3,"control"
409.5,562.7,"control"
424.9,566.5,"control"
438.2,552,"control"
419.6,560,"control"
428.2,561,"control"
435.9,559,"control"
421.5,517.3,"control"
428.6,517,"control"
440.1,554.3,"control"
389.8,590.9,"control"
399.1,539.3,"control"
432.8,569.7,"control"
410.9,550.9,"control"
438.2,539.2,"control"
438.7,553,"control"
434.4,561.9,"control"
431,587.7,"control"
419.7,553.1,"control"
420.2,584.9,"control"
408.3,510.3,"control"
418.7,566,"control"
424.9,576.9,"control"
425.7,533.9,"control"
433.3,566.5,"control"
408.9,597.8,"control"
399.7,652.8,"control"
422.4,565.6,"control"
412.3,578,"control"
422.3,596.1,"control"
368.4,558.3,"control"
408.5,563.9,"control"
422.8,561.6,"control"
427.8,566.8,"control"
431.4,516.9,"control"
427.3,587.4,"control"
433,562.7,"control"
442.4,541.4,"control"
416,604.9,"control"
426.1,568.3,"control"
426.9,556,"control"
438.9,564.4,"control"
370.2,563.7,"control"
429.7,514.2,"control"
418.4,613.2,"control"
428.7,514.2,"control"
423,525.5,"control"
399.9,564.3,"control"
430.2,513.3,"control"
411.2,551.6,"control"
427,544.7,"control"
422.2,526.5,"control"
428.2,576.1,"control"
429.4,561.6,"control"
420.9,565,"control"
426.2,559.7,"control"
435,570.8,"control"
429.4,517.5,"control"
417.5,526.3,"control"
434.6,573.6,"control"
437.9,565.7,"control"
428.7,514.6,"control"
426.5,604.5,"control"
421.3,545,"control"
428.6,514.1,"control"
420.9,564.3,"control"
428.1,540.4,"control"
440.1,552.7,"control"
389.5,577.3,"control"
409,552.2,"control"
426.8,558.4,"control"
405.4,516.5,"control"
411.2,554.5,"control"
428.4,587.3,"control"
437.3,538.5,"control"
435.1,559.2,"control"
417.4,562.4,"control"
429.9,565.8,"control"
427.5,524.9,"control"
422.8,532,"control"
391.3,557.5,"control"
423,565,"control"
426.8,524.5,"control"
426,543.4,"control"
405.7,572.9,"control"
429.2,581.4,"control"
437,555,"control"
409.3,545.8,"control"
431.4,555.8,"control"
426.5,558.2,"control"
427.6,542.2,"control"
420.5,573.3,"control"
419.7,544,"control"
424.3,615.3,"control"
427,566.5,"control"
430.2,553,"control"
389.8,572.1,"control"
438.6,558.5,"control"
433.3,547.7,"control"
414,613,"control"
389.3,636.4,"control"
420.3,598.9,"control"
419.4,562.4,"control"
424.9,568.8,"control"
436.9,556.4,"control"
394.1,564.3,"control"
438,553.2,"control"
418.4,600.3,"control"
423.2,567.4,"control"
431.3,555.3,"control"
404.2,613.2,"control"
426.7,542.4,"control"
421,544.9,"control"
424.6,564.5,"control"
438.3,556.4,"control"
423.5,564.4,"control"
425.7,525.6,"control"
420.5,584.6,"control"
429.2,542.8,"control"
430.1,553.2,"control"
429.7,562.4,"control"
430,556.1,"control"
411.4,531.1,"control"
424,562,"control"
419.9,553.8,"control"
426.5,564.1,"control"
438.9,554.9,"control"
424.7,605.8,"control"
435,559.7,"control"
433.6,570,"control"
428.1,513.9,"control"
416.5,547.4,"control"
427.4,525.8,"control"
401.6,561,"control"
417.5,543.8,"control"
422.5,565.5,"control"
428.4,523.1,"control"
438.6,556.7,"control"
425.7,560.7,"control"
430,580.7,"control"
428.3,586.9,"control"
428.5,522.8,"control"
423.6,563.9,"control"
422.1,537.7,"control"
426.9,567.1,"control"
432.2,549.9,"control"
416.5,547.5,"control"
430.4,538.6,"control"
419.1,551.9,"control"
442.3,536.1,"control"
422.2,566.2,"control"
383.7,556.3,"control"
417.7,567.7,"control"
421.1,567.5,"control"
422.3,564.6,"control"
436.2,567.2,"control"
417.7,612.6,"control"
431.9,551.9,"control"
385.4,563.1,"control"
419.4,528.1,"control"
432,535.8,"control"
430.3,543.4,"control"
425.5,565.3,"control"
424.4,564.5,"control"
416.5,565.3,"control"
432.3,563,"control"
440,559.7,"control"
441.2,549.7,"control"
399.7,535,"control"
416.2,552,"control"
435.7,563,"control"
435.5,568.5,"control"
439.5,556.2,"control"
414.3,522.1,"control"
443,546.1,"control"
405.8,517.2,"control"
416.1,572.9,"control"
399,652.1,"control"
422.8,563.9,"control"
429.3,519.2,"control"
424.4,563.9,"control"
425.1,566.7,"control"
384.2,564.2,"control"
425.2,567.8,"control"
437.1,533.5,"control"
374.7,564,"control"
428.7,514.6,"control"
399.3,651.9,"control"
419.1,565.9,"control"
394,564,"control"
431.4,581.5,"control"
419.6,608.7,"control"
393.7,559.2,"control"
399,628,"control"
428.7,542.7,"control"
428.6,514.3,"control"
426.3,567.2,"control"
399.7,652.8,"control"
440.3,549.9,"control"
431.8,555.7,"control"
438.8,556.3,"control"
426.1,576.7,"control"
423,567.2,"control"
425.7,534.1,"control"
388.9,538.2,"control"
424.3,563.1,"control"
435,563.9,"control"
430.6,513,"control"
428.8,545,"control"
436.2,541.1,"control"
436,561.1,"control"
424.3,546.7,"control"
414.5,562.9,"control"
417.8,562.2,"control"
433.1,563.6,"control"
434.4,568.2,"control"
431,534.3,"control"
427.6,568.8,"control"
388.1,569.4,"control"
434.3,564.7,"control"
418.6,613.2,"control"
409.4,552.6,"control"
424.9,564.5,"control"
424.3,567.6,"control"
435.2,547.7,"control"
425.6,559.1,"control"
428.6,514.7,"control"
422.7,564.8,"control"
419.9,585.9,"control"
439.6,540.6,"control"
429.1,567.6,"control"
424.9,564.3,"control"
436.7,567.4,"control"
377.8,558.3,"control"
426.5,585.4,"control"
435.3,546.4,"control"
429.1,514.2,"control"
429.3,563.9,"control"
420.6,565.6,"control"
435.1,572.3,"control"
429.3,591,"control"
435.2,516.4,"control"
431.2,581.5,"control"
419.3,552.7,"control"
418.6,564.7,"control"
430.8,551.3,"control"
427.6,562.7,"control"
422,545.3,"control"
427,582,"control"
426.4,604.5,"control"
409.8,551.8,"control"
426.3,533.8,"control"
393.5,564,"control"
393,564.2,"control"
393.7,563.8,"control"
411.5,556.3,"control"
436.6,566.9,"control"
427.6,542.3,"control"
371,564.1,"control"
423.8,564.8,"control"
424.5,593.8,"control"
416.5,562.2,"control"
431.1,564.3,"control"
428.8,560.2,"control"
430.8,587.7,"control"
424.4,562.3,"control"
440.5,552.4,"control"
436.7,556.4,"control"
439.7,537.6,"control"
427.2,568.4,"control"
441.1,534.9,"control"
416.5,556.4,"control"
441.9,550.6,"control"
422.8,563.8,"control"
422.5,526.6,"control"
427.5,544.5,"control"
427.3,558.9,"control"
418.6,566.1,"control"
428.5,520.4,"control"
438.8,555.1,"control"
417.4,556.9,"control"
412.2,524.2,"control"
388.6,565.6,"control"
417.7,535,"control"
429.8,566.5,"control"
415.3,564,"control"
436,571.1,"control"
436.9,564.3,"control"
417.8,554.5,"control"
439.8,537.6,"control"
369.9,563.8,"control"
428.5,524.8,"control"
399.2,540.1,"control"
424.9,522.2,"control"
422.5,576.3,"control"
431.6,556.5,"control"
413.5,559.9,"control"
426.6,564.8,"control"
427.8,583.1,"control"
432.7,553.7,"control"
435,570.8,"control"
440,547.6,"control"
390.8,538,"control"
431.5,557.9,"control"
423.4,572.5,"control"
435.3,559.5,"control"
425,562.5,"control"
427.2,564.6,"control"
436.8,531.9,"control"
417.1,556.9,"control"
440.7,551.1,"control"
413.4,563.2,"control"
427.1,552.4,"control"
415.7,558.4,"control"
417,612,"control"
397.8,563.3,"control"
425.7,566.6,"control"
423,520.6,"control"
424,569,"control"
425,565.2,"control"
411.1,539.8,"control"
410.1,555,"control"
433.4,549.9,"control"
432.9,550.8,"control"
411.3,539.9,"control"
421.5,566.3,"control"
392.3,566.2,"control"
426,565,"control"
420.1,565.5,"control"
427.4,551.9,"control"
429.5,549,"control"
430.1,513.4,"control"
423.6,563.4,"control"
400,652.8,"control"
440.3,562.1,"control"
421.4,569.4,"control"
423.1,622.6,"control"
419.1,588.5,"control"
413.6,550.3,"control"
431.3,564.6,"control"
440.8,556.7,"control"
428.3,592.5,"control"
420.7,572.9,"control"
435.5,559.6,"control"
423.2,564.7,"control"
370.4,564.1,"control"
422.4,569,"control"
426.9,567.2,"control"
428.6,529.9,"control"
402.2,555.6,"control"
434.5,563.1,"control"
439.1,555.4,"control"
437.9,539.3,"control"
424.7,564.3,"control"
429.9,580.3,"control"
427.2,570.6,"control"
424.1,547.8,"control"
410.9,551.6,"control"
419.6,568.4,"control"
400.1,564.1,"control"
381.7,571.4,"control"
417.1,530,"control"
417.4,562.8,"control"
430.9,574.9,"control"
393.9,563.6,"control"
379.5,587,"control"
425.3,564.7,"control"
430.8,517,"control"
424.9,561.2,"control"
422.9,567.3,"control"
430.6,582,"control"
428,555.4,"control"
436.9,564.9,"control"
436.7,533.8,"control"
436.4,566.3,"control"
422.2,565.5,"control"
401,601,"control"
424.8,562.4,"control"
424.1,560.2,"control"
445.3,540,"control"
426.1,525.8,"control"
437.8,557,"control"
421.9,528.2,"control"
393.5,563.9,"control"
436.6,567.3,"control"
429.5,558.3,"control"
435.1,572,"control"
423.1,561.1,"control"
431.1,514.7,"control"
421.3,585.1,"control"
427.3,555.8,"control"
388.8,576,"control"
426.3,515.4,"control"
439.3,564.8,"control"
424.5,564.4,"control"
421.1,529.7,"control"
399.3,653.7,"control"
435.4,547.1,"control"
399,628,"control"
415.7,553.6,"control"
421.1,573.2,"control"
415.8,564.1,"control"
419.7,553.2,"control"
427.5,542.7,"control"
404.5,519.5,"control"
419.8,528,"control"
420.8,529.7,"control"
420.9,561.3,"control"
425,534.7,"control"
400.8,563.8,"control"
426.6,534,"control"
427.9,513.7,"control"
434.3,562.9,"control"
416.9,561.8,"control"
420.9,559.1,"control"
424.9,562.7,"control"
426,568.5,"control"
442.5,549.3,"control"
394.2,526.7,"control"
385.5,540.6,"control"
436.7,565.7,"control"
428.7,514.4,"control"
419,586.5,"control"
424.3,567.2,"control"
427.7,564.7,"control"
438.2,555.3,"control"
416.1,572.6,"control"
399.2,652.6,"control"
438,556.9,"control"
420.4,560.5,"control"
428.4,587.3,"control"
391.6,569,"control"
377.1,585.8,"control"
426.5,604.5,"control"
426.7,601.8,"control"
421.2,544.4,"control"
406.8,601.3,"control"
426.2,585.8,"control"
399,650.9,"control"
426.8,542.4,"control"
409.3,551.6,"control"
436.5,567.3,"control"
416.4,552,"control"
384.3,564,"control"
439.7,554.4,"control"
440.7,556.7,"control"
434.7,559.5,"control"
387.5,567.7,"control"
438.7,553.3,"control"
431.5,568.8,"control"
427.5,583.5,"control"
432.9,571.6,"control"
393.4,604.6,"control"
434.6,563.3,"control"
424.6,563.8,"control"
438.4,559.2,"control"
424.3,569,"control"
435.7,529.3,"control"
429.7,539.8,"control"
439.1,555.9,"control"
392,649,"control"
429,514.8,"control"
425.9,565.4,"control"
423,532,"control"
420.4,564.9,"control"
403.2,536.8,"control"
428.7,515.6,"control"
428.7,514.5,"control"
430.9,538.1,"control"
435.6,568.1,"control"
427.3,571.7,"control"
424.1,560,"control"
427.8,550.7,"control"
425.3,585.1,"control"
431.9,556.4,"control"
425,585.3,"control"
412.9,596.8,"control"
428.7,565.4,"control"
435.3,568.4,"control"
418.1,565.5,"control"
410.1,555.5,"control"
437.2,564.8,"control"
413.5,563.6,"control"
419.4,552.8,"control"
388.3,633.4,"control"
401,639,"control"
426.6,585.7,"control"
394.3,563.8,"control"
420.9,573.4,"control"
412.2,633.6,"control"
436.7,566.1,"control"
409.8,562.6,"control"
424.5,593.8,"control"
423.4,541.4,"control"
436.6,539.7,"control"
419.7,535.1,"control"
419.9,565.2,"control"
375,569.1,"control"
432.6,564.8,"control"
424.5,593.8,"control"
419.7,560.6,"control"
434.3,526.1,"control"
429.3,591,"control"
427.3,563.9,"control"
425.2,585.1,"control"
439.9,559.3,"control"
428.3,564.8,"control"
427.8,554.1,"control"
435.4,547.5,"control"
437.6,543.5,"control"
409.3,562.9,"control"
385.2,530.6,"control"
428.4,564.3,"control"
436.3,555.2,"control"
412.9,600.8,"control"
436.9,553.3,"control"
436.9,566.9,"control"
426.7,558.2,"control"
416.7,536.8,"control"
427,515.5,"control"
413.5,519.8,"control"
429.8,572.1,"control"
413.6,563.8,"control"
397.1,519.7,"control"
437.6,555.8,"control"
436.1,566.2,"control"
427,556.4,"control"
419.6,552.1,"control"
416.2,552.5,"control"
421.6,567.4,"control"
429.2,593.2,"control"
432.6,549.7,"control"
423.2,563.4,"control"
442,543.5,"control"
430.7,513.9,"control"
426.8,556.6,"control"
435.5,568.3,"control"
430.7,514.2,"control"
433.6,525.8,"control"
429.2,516.3,"control"
416.1,547.6,"control"
428.2,514.7,"control"
436.9,553.4,"control"
423.1,563.4,"control"
416.5,551.3,"control"
436.8,567.1,"control"
439.5,558.6,"control"
430.8,557.1,"control"
427.1,576,"control"
436,528.8,"control"
430.7,558.5,"control"
440.6,548.9,"control"
432.9,567.8,"control"
437,561.3,"control"
431.6,581.5,"control"
428.3,586.9,"control"
424,570.3,"control"
443.7,543.8,"control"
411.7,550.2,"control"
439.8,554.3,"control"
425.2,563.2,"control"
429.5,581.2,"control"
431.6,555.7,"control"
426,565.2,"control"
427.1,568.1,"control"
430.6,582.1,"control"
435.2,568.5,"control"
428.6,561.8,"control"
431,551.6,"control"
435.2,556.8,"control"
427,556.7,"control"
426.8,572.3,"control"
403,620.8,"control"
439.7,557.5,"control"
437.2,538.3,"control"
420.8,573.3,"control"
436,561.3,"control"
384.8,551.6,"control"
420.8,565.1,"control"
399,628,"control"
380.7,593.8,"control"
430,575,"control"
399.1,650.9,"control"
424.7,564.1,"control"
429.2,512.9,"control"
436.9,567.2,"control"
440.3,554.5,"control"
435.5,569,"control"
428.1,557.9,"control"
400.1,571.9,"control"
439.9,556.5,"control"
427.2,542.6,"control"
439.1,564.9,"control"
421.1,564.1,"control"
425.9,561.1,"control"
439,558.4,"control"
430.1,580.3,"control"
428.8,514.2,"control"
428.4,565.8,"control"
420.5,585.6,"control"
419.5,552.2,"control"
419,626,"control"
416,566.7,"control"
423,563.1,"control"
384.1,551.3,"control"
419.5,569.7,"control"
419.4,586.4,"control"
424.5,564.1,"control"
425.9,534.3,"control"
424,567.1,"control"
437.3,554.6,"control"
429.2,564.7,"control"
388.2,581.9,"control"
438.5,554.8,"control"
428.1,554.7,"control"
404.5,515.8,"control"
422.5,541.1,"control"
428.4,515.3,"control"
399.2,513.5,"control"
439.8,547.4,"control"
429.4,553.9,"control"
440.7,553.8,"control"
424.1,547.4,"control"
426.7,579,"control"
419.6,585.9,"control"
424.1,529.5,"control"
415.7,566.7,"control"
381.9,558.4,"control"
432.6,566.5,"control"
429,515.3,"control"
430.8,564.3,"control"
442.1,541.8,"control"
389.5,534.2,"control"
422.6,526.4,"control"
428.1,523.4,"control"
414.8,564.2,"control"
429,581,"control"
430.1,580.8,"control"
427.9,571.6,"control"
427.6,571.7,"control"
439.4,558.3,"control"
440.5,559.5,"control"
382.3,564.1,"control"
425.1,565.6,"control"
436.7,569.3,"control"
426.7,514.8,"control"
424.3,615.3,"control"
439.3,547.1,"control"
422.3,563.9,"control"
435.3,569.1,"control"
434.9,572.8,"control"
434.1,562.1,"control"
413,520.5,"control"
433.6,551.7,"control"
439.6,556.1,"control"
399.9,650,"control"
427.2,515.2,"control"
441.4,549.9,"control"
439.9,555.8,"control"
425.2,562.9,"control"
411,551.9,"control"
418,635,"control"
426,560,"control"
400.1,568.5,"control"
429.7,557.2,"control"
428.2,555.7,"control"
428,587.4,"control"
411.1,558.2,"control"
426.5,550.6,"control"
429.9,566.7,"control"
436.3,567.3,"control"
369.9,563.5,"control"
406.8,630.9,"control"
429.2,560.2,"control"
427.3,524.6,"control"
419.1,585.4,"control"
393.5,563.9,"control"
435.6,571.5,"control"
410.3,555,"control"
418.9,533.1,"control"
416.8,551.1,"control"
431.1,568.8,"control"
431.8,550.3,"control"
439.1,555.2,"control"
440.4,562.3,"control"
414.7,562.3,"control"
440,556.7,"control"
393.4,604.6,"control"
410.9,550.8,"control"
435.5,558,"control"
431.2,555.7,"control"
413.7,598.5,"control"
429.7,581.9,"control"
422.2,565,"control"
419.7,585.2,"control"
387.3,538.4,"control"
437.6,565,"control"
435.4,570.3,"control"
426.6,564.1,"control"
437,566,"control"
429.8,515.8,"control"
429.8,566.4,"control"
437.2,563.2,"control"
422.5,526.3,"control"
394.5,574.8,"control"
426.5,544.4,"control"
405.6,559.2,"control"
420.6,528.4,"control"
427.4,553.9,"control"
430.1,531.9,"control"
438.5,553.2,"control"
440.1,558,"control"
427.3,542.2,"control"
433.2,566.5,"control"
405.1,536.9,"control"
435.2,556.8,"control"
419.5,566.3,"control"
380.9,563.8,"control"
441,553.6,"control"
417.1,551.4,"control"
429.2,567.9,"control"
427.7,558.2,"control"
437.1,569.3,"control"
419.5,611.9,"control"
428.8,560.6,"control"
428.5,525.4,"control"
420.3,585.7,"control"
430.1,575.5,"control"
439.2,554.7,"control"
437.5,566.6,"control"
425,564.4,"control"
395.6,603.8,"control"
416.1,564,"control"
440.8,542,"control"
428.5,563.4,"control"
425.1,564.1,"control"
420.2,621.6,"control"
418.9,530,"control"
411.9,563.2,"control"
429.4,562.2,"control"
407.1,562.5,"control"
429.7,557.1,"control"
423.9,563.3,"control"
434.5,513.4,"control"
419.1,535.1,"control"
394.7,525.5,"control"
381.8,583,"control"
429.4,584.5,"control"
429.9,556.7,"control"
439.6,559.5,"control"
419.1,551,"control"
435.5,559.8,"control"
409.2,553,"control"
424.1,547.4,"control"
421.6,518.9,"control"
421,558.8,"control"
427.8,587.1,"control"
414.5,542,"control"
420.2,606.1,"control"
436.5,521.2,"control"
430.3,511.1,"control"
437.2,552.5,"control"
422.6,563.9,"control"
426.5,544.1,"control"
428.7,515.3,"control"
426,542.6,"control"
429.6,514.4,"control"
409.3,609.7,"control"
436.8,567.3,"control"
431.8,574.5,"control"
435.4,529.1,"control"
426.8,574,"control"
411.4,525.8,"control"
416.9,551.5,"control"
423.7,560.3,"control"
393.9,558.4,"control"
427.8,542.8,"control"
434.1,572,"control"
425.7,550.8,"control"
421.8,565.9,"control"
389.4,537.5,"control"
438.3,553.2,"control"
439.7,556.8,"control"
425,564.2,"control"
439.2,540.8,"control"
418.6,564.8,"control"
426.4,560.8,"control"
425.9,588,"control"
436.7,539.7,"control"
427.9,586.9,"control"
428.7,515.1,"control"
420.8,567.1,"control"
410.5,551.1,"control"
417.1,625.7,"control"
438.1,565.5,"control"
435,568.2,"control"
425.9,564.4,"control"
440.3,558.2,"control"
423.5,611.6,"control"
443.5,540.4,"control"
427.4,542.6,"control"
430.2,561.5,"control"
430.3,516.6,"control"
392.2,570.1,"control"
416.9,566.2,"control"
440.7,562.9,"control"
398,651.2,"control"
422.2,562.8,"control"
419.8,552.9,"control"
390,578.9,"control"
398.1,559.4,"control"
435.2,545.2,"control"
416.3,615.9,"control"
418.8,613.1,"control"
421.8,567.3,"control"
409.4,549.9,"control"
428.6,514.5,"control"
436.2,564.8,"control"
419.6,562.6,"control"
435.2,570.6,"control"
419.9,565.3,"control"
432.6,561.9,"control"
433.2,565.4,"control"
433.6,549.9,"control"
410.5,551.7,"control"
439,555.9,"control"
418.9,548.4,"control"
370.3,564.1,"control"
428.4,565.2,"control"
430.9,563.5,"control"
429.3,591,"control"
410.7,550.9,"control"
441.6,544.3,"control"
426.2,573,"control"
405.4,601.7,"control"
436.4,566.5,"control"
428.1,570,"control"
440.1,554.7,"control"
431.3,580.7,"control"
419.6,566.7,"control"
425.1,568.8,"control"
437.8,552.7,"control"
426.8,525.2,"control"
431.7,546.4,"control"
438.4,561.9,"control"
428.2,563.9,"control"
423.4,567.6,"control"
434.5,559.3,"control"
435.4,572.6,"control"
440.9,547.2,"control"
437.5,556.1,"control"
442.9,540.5,"control"
423.9,573.7,"control"
427,534.3,"control"
426.8,564.2,"control"
416.3,535.3,"control"
414.5,546,"control"
427.3,554.3,"control"
435.1,572.2,"control"
426.1,558.6,"control"
370.3,564.3,"control"
432.8,552.8,"control"
432.3,565.3,"control"
426.7,542.4,"control"
428.6,568.9,"control"
428.4,561.8,"control"
417.3,534.8,"control"
422,631.9,"control"
434.5,513.1,"control"
418.5,585.1,"control"
415.6,558.1,"control"
413.4,563.4,"control"
422,563.6,"control"
426.6,558.6,"control"
434.9,559.7,"control"
427.2,565.4,"control"
445.7,539.4,"control"
423.3,572.6,"control"
390.9,560.9,"control"
429,570.1,"control"
427.1,568.4,"control"
427.1,550.7,"control"
424.9,564.4,"control"
414.6,516.5,"control"
436.8,565.4,"control"
425.4,566.5,"control"
418.4,613,"control"
425.7,563.1,"control"
422.3,566.2,"control"
423.4,566.9,"control"
417.2,562,"control"
427.2,525.1,"control"
428.5,574.5,"control"
413.6,563.2,"control"
440.2,552.9,"control"
437.1,563.2,"control"
419.4,535.1,"control"
405.4,600,"control"
424.9,564.5,"control"
432.8,563,"control"
439.7,556,"control"
420.5,566.6,"control"
411.7,550.1,"control"
412.9,600.8,"control"
426.9,582,"control"
437.5,557.3,"control"
420.8,558.7,"control"
423.8,611.7,"control"
370.4,564.3,"control"
420.8,573.3,"control"
424.3,567.6,"control"
419.1,534.5,"control"
422.7,561.6,"control"
420,564.5,"control"
423.1,539.5,"control"
432.8,531.4,"control"
437.8,552.8,"control"
427,584.4,"control"
425.7,559.9,"control"
442.8,549.1,"control"
419,563.8,"control"
378.1,592.2,"control"
428.5,517,"control"
427.8,585.3,"control"
422.8,605.7,"control"
427.5,515.6,"control"
421.2,567.4,"control"
420.3,552.9,"control"
421.4,561.4,"control"
436.8,555.1,"control"
414.6,562.3,"control"
433.5,542.1,"control"
426,538.6,"control"
439.6,556.4,"control"
431.3,565.3,"control"
411.9,524.2,"control"
442,539.7,"control"
421.7,564.5,"control"
424.6,597,"control"
434.6,571.9,"control"
430.2,575.3,"control"
439.5,560,"control"
428.8,559.8,"control"
426.7,542.4,"control"
427,596,"control"
424.6,559.3,"control"
435.3,558.7,"control"
427.4,570.3,"control"
426.3,576.3,"control"
435.3,547.7,"control"
426.1,561.6,"control"
424.1,523.4,"control"
429,563.5,"control"
399.9,652.7,"control"
434.9,569.4,"control"
428.3,561.5,"control"
412.9,600.9,"control"
424.3,615.3,"control"
428.2,514.8,"control"
424.4,570.1,"control"
435.1,520,"control"
434.4,549.4,"control"
401.9,570,"control"
438.4,562.1,"control"
426.3,524.7,"control"
422.7,525.8,"control"
424.9,564.2,"control"
404.6,587,"control"
420.6,528.5,"control"
435.4,547.7,"control"
426.4,524.2,"control"
386.4,633.9,"control"
426.3,585.5,"control"
393.4,563.6,"control"
419.7,569.5,"control"
433.4,565.4,"control"
438.1,559.1,"control"
409.3,589.4,"control"
436.5,546,"control"
424,547.4,"control"
431.8,557.6,"control"
428.3,560.8,"control"
424.5,564.4,"control"
419.9,586.1,"control"
426.2,534,"control"
425,564.7,"control"
433,575.9,"control"
424.3,560.4,"control"
393.6,564,"control"
419.4,552.7,"control"
399.9,559.2,"control"
427,582,"control"
426.8,516,"control"
435.9,555,"control"
429.6,550.4,"control"
420.5,586.9,"control"
428.6,563.9,"control"
420.8,573,"control"
421.9,567,"control"
445.8,539.5,"control"
426.5,604.5,"control"
417.1,562.1,"control"
435.1,548.5,"control"
427.8,524.9,"control"
426.7,587.7,"control"
416.5,535.6,"control"
426,547.3,"control"
437.3,561.9,"control"
425,534.4,"control"
425.3,582.2,"control"
419.2,612.5,"control"
420.7,560,"control"
435.4,559.6,"control"
427.1,564.2,"control"
414.4,564,"control"
443.8,542,"control"
432.8,567.9,"control"
428.9,514.5,"control"
427.8,562.2,"control"
438.7,557.8,"control"
433.7,567.9,"control"
418.8,552.4,"control"
427.1,572.3,"control"
436.1,571.1,"control"
393.1,564.4,"control"
428.8,565.1,"control"
385.4,540.5,"control"
435.1,547.2,"control"
425.1,562.1,"control"
429,574.3,"control"
429.5,513.6,"control"
435.5,557.1,"control"
418.7,564.8,"control"
420.8,566.9,"control"
428.8,529.7,"control"
436.8,556.2,"control"
438.2,563.7,"control"
438.7,544.7,"control"
430.5,534.3,"control"
427.8,564.2,"control"
424.3,569.3,"control"
426,542.5,"control"
416.6,552.1,"control"
422.3,569,"control"
418.4,526.6,"control"
427.5,523.9,"control"
436.5,562.7,"control"
434.9,510.1,"control"
418.6,526.7,"control"
425.2,522.4,"control"
411.8,543.3,"control"
429.1,563.8,"control"
427.7,587.4,"control"
405.7,601.4,"control"
429.7,542.4,"control"
423.9,567,"control"
421,579.5,"control"
442.9,540.5,"control"
424.8,565.1,"control"
425.2,563.9,"control"
428.8,577.2,"control"
426.5,556.7,"control"
424.9,564.4,"control"
430,514.7,"control"
426.8,564.4,"control"
426,558.7,"control"
439.7,559,"control"
441.6,538.2,"control"
429.7,542.7,"control"
407,614.5,"control"
417.5,561.7,"control"
420.1,568.1,"control"
406.2,562.8,"control"
416.3,564,"control"
446.1,539.1,"control"
393.3,564.2,"control"
442.5,543.9,"control"
428.3,571.4,"control"
431.5,514.1,"control"
417.1,618.6,"control"
417.1,573.3,"control"
430.7,563.1,"control"
422.6,568.3,"control"
433.1,564.8,"control"
416.1,558.3,"control"
420.2,560.1,"control"
436.7,552.5,"control"
424.9,532.7,"control"
436.3,567.2,"control"
408.5,549.1,"control"
369.9,559.7,"control"
411,550.7,"control"
431.3,581.4,"control"
405.4,561.2,"control"
428.4,514.7,"control"
426.7,535.7,"control"
441.1,549,"control"
430.4,575.2,"control"
434.1,568.7,"control"
437.7,556.2,"control"
399.9,587.6,"control"
428.4,570.1,"control"
416.5,552,"control"
430.8,557.6,"control"
423.4,542.5,"control"
437.1,561,"control"
417.9,566.8,"control"
432.3,549.8,"control"
409.5,552,"control"
423.7,564,"control"
431.5,581.4,"control"
427.4,561.7,"control"
416.9,570.7,"control"
390.1,521.8,"control"
420.2,608.4,"control"
436.7,566.8,"control"
429.1,560.1,"control"
426.2,599.2,"control"
403.6,584.3,"control"
408.4,636.9,"control"
432.7,547,"control"
427.8,587.9,"control"
439.6,546.7,"control"
428,563.4,"control"
428.7,543,"control"
429.3,591,"control"
423.9,582.4,"control"
400.3,651.8,"control"
436.6,554.4,"control"
442.3,541.4,"control"
439.6,546.9,"control"
427.8,542.2,"control"
428.9,564.8,"control"
431.6,515.3,"control"
412.2,552.5,"control"
439.6,564.8,"control"
435.2,568.7,"control"
416.9,556.8,"control"
390.6,551.3,"control"
429.7,561.9,"control"
429.5,587.1,"control"
439.1,557,"control"
429,512.8,"control"
418.5,562.3,"control"
411.1,525.2,"control"
435.9,553.3,"control"
422.3,565.3,"control"
429.4,568.1,"control"
440.4,560,"control"
425.4,566,"control"
427.5,542.6,"control"
438,553.6,"control"
400.2,651.3,"control"
428.9,529.8,"control"
419.6,539.7,"control"
419.6,586.1,"control"
437.6,543.1,"control"
414.1,563.8,"control"
433.5,562.1,"control"
428.7,564,"control"
405.5,517,"control"
440.1,540.8,"control"
398,557.5,"control"
429.9,554.2,"control"
423,568.6,"control"
440.2,557.2,"control"
406.5,642.7,"control"
410.8,551.5,"control"
435.8,561.6,"control"
415.5,566.3,"control"
428.6,516.4,"control"
430.9,557.7,"control"
437.8,552.8,"control"
392,591,"control"
439.3,558.6,"control"
426.9,552,"control"
424,564.5,"control"
423.1,531.9,"control"
425.9,516,"control"
437.7,552.6,"control"
429.5,554.5,"control"
424.1,528.8,"control"
432.3,567.7,"control"
438.2,553.1,"control"
441,554.3,"control"
401.6,561.5,"control"
421.4,566.1,"control"
417.3,572.5,"control"
435.3,547.8,"control"
429.5,554.2,"control"
417.9,526.2,"control"
405.1,516.8,"control"
436.3,567.4,"control"
435.1,546.9,"control"
429.2,565.7,"control"
420.9,581,"control"
427.3,553.2,"control"
426.6,560.7,"control"
422.1,587,"control"
441.8,548.8,"control"
399.5,654,"control"
435.8,566.2,"control"
419.1,567.8,"control"
416.8,535.5,"control"
427.2,515.5,"control"
418.2,526.3,"control"
428.9,583.4,"control"
435.5,570.8,"control"
409.7,587.9,"control"
428.5,515.7,"control"
399.1,515.1,"control"
422.6,526.4,"control"
425.1,534.6,"control"
418.2,587.9,"control"
408.5,548.3,"control"
400,653,"control"
412.1,551.7,"control"
436.1,569.6,"control"
435.7,568.4,"control"
422.1,631.7,"control"
407.3,557,"control"
431.7,566.9,"control"
432.6,563.9,"control"
436.5,568,"control"
422.3,563.5,"control"
424.9,533.9,"control"
411.3,551,"control"
430.3,568,"control"
438.8,557.2,"control"
438.9,565.4,"control"
425.2,568.1,"control"
415.4,571.9,"control"
436.4,567.3,"control"
420.1,560.2,"control"
396.8,539.7,"control"
425.7,565.9,"control"
434.7,573.9,"control"
431.5,566.3,"control"
434.9,568.3,"control"
421.8,528.2,"control"
424.1,563.8,"control"
410.7,550.8,"control"
406.8,526.4,"control"
422.9,535.9,"control"
422,589.1,"control"
409,551.9,"control"
438.5,562.2,"control"
428,515.1,"control"
413.5,563,"control"
437.8,562,"control"
428.5,569.6,"control"
423.7,547.5,"control"
425.6,595.8,"control"
439.8,559.5,"control"
436.5,562.7,"control"
434.8,556.6,"control"
420,564.4,"control"
419.6,552.3,"control"
437.6,558.3,"control"
438.3,540,"control"
424.2,563.6,"control"
428.9,562.1,"control"
416.4,552.2,"control"
434.3,573.4,"control"
419.9,545.9,"control"
424.5,564.2,"control"
427.3,577.3,"control"
424.3,556.7,"control"
420.2,560.3,"control"
420.2,561.9,"control"
433.5,550.7,"control"
427.7,542.2,"control"
430.1,538.5,"control"
422.5,565.7,"control"
436.4,570.2,"control"
429.1,556.7,"control"
443.5,540.1,"control"
424.9,564.3,"control"
436.2,565.8,"control"
427.7,558.7,"control"
422.6,562.6,"control"
435.9,563,"control"
416.2,564,"control"
425.3,565.9,"control"
430.1,532.2,"control"
426.5,550.9,"control"
429.8,566,"control"
430.8,561.5,"control"
437.1,565.3,"control"
428.9,514.9,"control"
399.2,653.6,"control"
421,567,"control"
425.8,561.2,"control"
434.7,559.1,"control"
429,512.9,"control"
418,566.9,"control"
430.2,587.4,"control"
417,555.3,"control"
418.9,554.7,"control"
439.9,557,"control"
428.3,570,"control"
423.5,574,"control"
443.9,541.3,"control"
409.7,562.3,"control"
437.7,545.5,"control"
428.3,516.3,"control"
431.8,545.9,"control"
417.5,555.5,"control"
383.9,583.3,"control"
434.4,568.5,"control"
428.3,586.4,"control"
420.4,529,"control"
426.5,604.5,"control"
411.5,549.6,"control"
420.5,529.4,"control"
433.3,568.5,"control"
417.6,561.6,"control"
418.8,592.3,"control"
419.6,568.3,"control"
431,564.1,"control"
420.9,515.6,"control"
418.2,540.8,"control"
432.6,552.8,"control"
408.5,549.3,"control"
438.2,557.6,"control"
412.6,564,"control"
419.5,552.7,"control"
432.5,566.5,"control"
431,565.2,"control"
402.7,537,"control"
435.9,547,"control"
429,513.9,"control"
430.8,564.9,"control"
427.4,576.8,"control"
423.2,545.7,"control"
430,516.7,"control"
425.6,565.3,"control"
427.2,568.4,"control"
419.9,566.2,"control"
422.1,601.3,"control"
425.1,553,"control"
427.8,513.7,"control"
432.2,550.1,"control"
418.9,547.3,"control"
419.5,565.8,"control"
435.4,555.1,"control"
426.6,543.3,"control"
429.1,565.6,"control"
429,515,"control"
409.5,563,"control"
399.5,652.3,"control"
428.1,513.6,"control"
432.6,564.4,"control"
435.9,553,"control"
437.3,565.4,"control"
425.6,566.3,"control"
401.2,535.5,"control"
420.5,533.4,"control"
437.5,547.3,"control"
432.9,563.8,"control"
431.9,581.2,"control"
427,550.2,"control"
422.9,561.7,"control"
415.6,558.7,"control"
426.7,581.9,"control"
415.6,601.8,"control"
433.6,576.1,"control"
440.6,559.6,"control"
432.8,563.4,"control"
405.5,601.6,"control"
440.6,549.1,"control"
439.8,556.7,"control"
417.1,551.2,"control"
426.6,550.3,"control"
420.6,528,"control"
433.9,569.3,"control"
430,567.6,"control"
430.8,564.1,"control"
425,562,"control"
408.8,551.8,"control"
425.7,569,"control"
399.5,564.6,"control"
421.6,563.9,"control"
431.5,558.1,"control"
437.6,557.1,"control"
434.8,548.6,"control"
435,561.8,"control"
443.2,540.3,"control"
429,514.3,"control"
433,565.3,"control"
372.6,567,"control"
439.5,564.5,"control"
426.5,561.2,"control"
426,567.3,"control"
431.7,571.8,"control"
425.1,522.5,"control"
416.3,535.5,"control"
418.4,555.1,"control"
399.8,624.8,"control"
393.1,560.1,"control"
444.1,538.2,"control"
425.7,565.3,"control"
370.7,564,"control"
418.1,533.2,"control"
440.3,559,"control"
425.8,565.4,"control"
416.9,537.4,"control"
433.1,531.7,"control"
421.9,564.6,"control"
418.1,567.8,"control"
430.4,563.7,"control"
426.9,587.6,"control"
427.8,587.4,"control"
428.2,565.2,"control"
426.6,560.4,"control"
419.6,565.3,"control"
423.1,552.2,"control"
438.6,556.5,"control"
409.2,552.2,"control"
443.7,543.7,"control"
432,550.2,"control"
433.6,569.2,"control"
425.8,562.3,"control"
434.8,561.5,"control"
430.6,544.2,"control"
424.6,522.4,"control"
415.5,566.7,"control"
434.1,568.7,"control"
442.8,549.5,"control"
439.7,558.7,"control"
412,556.5,"control"
426,564.4,"control"
379.2,585.7,"control"
425.3,551.3,"control"
417,540,"control"
429.9,557.7,"control"
424.1,624.5,"control"
399.7,523.4,"control"
440.6,556.7,"control"
418.6,613.2,"control"
425.4,565.2,"control"
442.6,548.7,"control"
424.9,561.6,"control"
426.4,561.6,"control"
428.4,532.6,"control"
431.5,511.1,"control"
423.1,565,"control"
428.6,556.4,"control"
424.8,576.9,"control"
438,552.7,"control"
414.5,562.1,"control"
432.7,553.8,"control"
399.2,651,"control"
429,514.5,"control"
428.6,516.3,"control"
427.8,530.5,"control"
433.9,575.8,"control"
420.6,567.4,"control"
429.3,566.4,"control"
426.8,576.7,"control"
430.3,575.6,"control"
430,562.7,"control"
426,525.7,"control"
417.1,562.4,"control"
412.2,549.6,"control"
382.6,560.8,"control"
420.6,565.9,"control"
423.3,543,"control"
426,558.8,"control"
410.8,551.7,"control"
427.2,562.7,"control"
429.2,513.1,"control"
431.1,568.7,"control"
437.6,556.3,"control"
428.3,523.8,"control"
421.1,565.1,"control"
425.2,550.1,"control"
409.6,552.9,"control"
428.3,522.3,"control"
420,560.6,"control"
427.8,513.3,"control"
436.5,565.8,"control"
424.4,528,"control"
399.2,539.3,"control"
436.5,565.3,"control"
420.8,564.3,"control"
436.2,556.2,"control"
426.3,603.9,"control"
404.8,516.6,"control"
395.7,588.9,"control"
432.7,570.1,"control"
425.3,559.3,"control"
429.9,556.6,"control"
435.8,556.8,"control"
436.2,553.9,"control"
423.1,571.9,"control"
426.5,564.2,"control"
443,549.1,"control"
423.6,564.7,"control"
439.7,557.1,"control"
427.9,571,"control"
420.6,527.7,"control"
426.4,587.4,"control"
428.9,514.3,"control"
425.6,554.3,"control"
416.7,535.5,"control"
440.1,557,"control"
430.4,516.5,"control"
417.4,554.4,"control"
415.6,569.3,"control"
426.5,604.5,"control"
429.8,552.8,"control"
416.5,547.2,"control"
420.4,560.2,"control"
438.4,555.1,"control"
428,524.4,"control"
425,568.2,"control"
426.5,604.5,"control"
418.3,535.3,"control"
417.9,562.2,"control"
420.2,561.1,"control"
429.9,556.9,"control"
431.8,570.9,"control"
435.5,547.4,"control"
429.8,562.8,"control"
419.3,612.3,"control"
430.9,582.1,"control"
411.7,554.2,"control"
420.2,560.1,"control"
434.7,570.3,"control"
420.3,529.1,"control"
437.2,558.9,"control"
435.7,556.1,"control"
422.9,570.8,"control"
435.3,547.4,"control"
420.5,561.2,"control"
435.1,572.5,"control"
389.9,565.3,"control"
440.3,556.2,"control"
422.7,528,"control"
435.2,559.2,"control"
426.5,544.4,"control"
424.4,562.5,"control"
424.9,619.9,"control"
430.8,568.1,"control"
424.8,564.3,"control"
433.2,563.6,"control"
439.5,557.5,"control"
406.9,611.8,"control"
442.8,541.6,"control"
429.4,514.8,"control"
423.4,543.2,"control"
416.6,523,"control"
423.1,562.1,"control"
432.5,564.8,"control"
426.8,576.8,"control"
433.8,550.4,"control"
413.6,556.3,"control"
434.6,570.5,"control"
439.6,556.9,"control"
421.4,550.8,"control"
434,564.2,"control"
419,541.5,"control"
411.9,558.7,"control"
438.1,558.9,"control"
385.3,572.8,"control"
420.5,553,"control"
432.9,552.6,"control"
440.1,558.3,"control"
409.4,552.2,"control"
427.2,555.1,"control"
434.1,563.3,"control"
397.5,563.3,"control"
431.9,556.2,"control"
427.4,555.6,"control"
415.2,564.2,"control"
437.2,555.5,"control"
381,557,"control"
436.8,566.1,"control"
425.2,533.6,"control"
437.8,558.9,"control"
423.4,572.6,"control"
445.9,539.4,"control"
420.9,585.2,"control"
423.5,530,"control"
411.8,557.6,"control"
429.2,532.3,"control"
435.3,547.6,"control"
419.2,566.5,"control"
442.8,541.3,"control"
422.9,561.5,"control"
437.6,557.3,"control"
422,564.7,"control"
403.1,602.1,"control"
437.4,565,"control"
442.3,540.7,"control"
419.7,553.3,"control"
419.8,552.2,"control"
430.4,556,"control"
436.6,513.4,"control"
